,index,sourceNodeName,targetNodeName,totalCost,isDirect,costs,nodeNames
0,18,Supplier 55441,Supplier 46894,149.0,True,"[0.0, 89.5, 149.0]","['Supplier 55441', 'Ssintship 10400', 'Supplier 46894']"
1,20,Supplier 55441,Supplier 65468,170.0,True,"[0.0, 100.0, 170.0]","['Supplier 55441', 'Ssintship 10138', 'Supplier 65468']"
2,21,Supplier 55441,Supplier 30864,170.0,True,"[0.0, 100.0, 170.0]","['Supplier 55441', 'Ssintship 10463', 'Supplier 30864']"
3,22,Supplier 55441,Supplier 24646,170.0,True,"[0.0, 100.0, 170.0]","['Supplier 55441', 'Ssintship 10213', 'Supplier 24646']"
4,23,Supplier 55441,Supplier 48467,170.0,True,"[0.0, 100.0, 170.0]","['Supplier 55441', 'Ssintship 10307', 'Supplier 48467']"
5,24,Supplier 55441,Supplier 13951,170.0,True,"[0.0, 100.0, 170.0]","['Supplier 55441', 'Ssintship 10392', 'Supplier 13951']"
6,25,Supplier 55441,Supplier 13362,175.0,True,"[0.0, 100.0, 175.0]","['Supplier 55441', 'Ssintship 10373', 'Supplier 13362']"
7,27,Supplier 55441,Supplier 81423,183.0,True,"[0.0, 99.0, 183.0]","['Supplier 55441', 'Ssintship 10391', 'Supplier 81423']"
8,29,Supplier 55441,Supplier 87695,185.0,True,"[0.0, 100.0, 185.0]","['Supplier 55441', 'Ssintship 10028', 'Supplier 87695']"
9,30,Supplier 55441,Supplier 43284,185.0,True,"[0.0, 100.0, 185.0]","['Supplier 55441', 'Ssintship 10160', 'Supplier 43284']"
10,31,Supplier 55441,Supplier 26533,185.0,True,"[0.0, 100.0, 185.0]","['Supplier 55441', 'Ssintship 10084', 'Supplier 26533']"
11,32,Supplier 55441,Supplier 71819,185.0,True,"[0.0, 100.0, 185.0]","['Supplier 55441', 'Ssintship 9411', 'Supplier 71819']"
12,33,Supplier 55441,Supplier 94512,185.0,True,"[0.0, 100.0, 185.0]","['Supplier 55441', 'Ssintship 10182', 'Supplier 94512']"
13,34,Supplier 55441,Supplier 36243,185.0,True,"[0.0, 100.0, 185.0]","['Supplier 55441', 'Ssintship 10077', 'Supplier 36243']"
14,35,Supplier 55441,Supplier 24451,185.0,True,"[0.0, 100.0, 185.0]","['Supplier 55441', 'Ssintship 10103', 'Supplier 24451']"
15,55,Supplier 55441,Customer 18065,200.0,True,"[0.0, 100.0, 200.0]","['Supplier 55441', 'Externaltransactions 2789', 'Customer 18065']"
16,66,Supplier 55441,Retailer 31857,209.0,False,"[0.0, 89.5, 149.0, 179.0, 209.0]","['Supplier 55441', 'Ssintship 10400', 'Supplier 46894', 'Srintship 4214', 'Retailer 31857']"
17,80,Supplier 55441,Supplier 29277,230.0,False,"[0.0, 100.0, 185.0, 215.0, 230.0]","['Supplier 55441', 'Ssintship 10160', 'Supplier 43284', 'Ssintship 5161', 'Supplier 29277']"
18,135,Supplier 55441,Supplier 43160,271.0,False,"[0.0, 100.0, 185.0, 243.0, 271.0]","['Supplier 55441', 'Ssintship 10182', 'Supplier 94512', 'Ssintship 10379', 'Supplier 43160']"
19,136,Supplier 55441,Supplier 61565,272.5,False,"[0.0, 100.0, 170.0, 236.25, 272.5]","['Supplier 55441', 'Ssintship 10463', 'Supplier 30864', 'Ssintship 10238', 'Supplier 61565']"
20,137,Supplier 55441,Supplier 13920,274.0,False,"[0.0, 100.0, 185.0, 244.5, 274.0]","['Supplier 55441', 'Ssintship 10077', 'Supplier 36243', 'Ssintship 1610', 'Supplier 13920']"
21,222,Supplier 55441,Supplier 76443,308.5,False,"[0.0, 100.0, 185.0, 254.25, 308.5]","['Supplier 55441', 'Ssintship 10103', 'Supplier 24451', 'Ssintship 10072', 'Supplier 76443']"
22,226,Supplier 55441,Supplier 11283,319.0,False,"[0.0, 89.5, 149.0, 249.0, 319.0]","['Supplier 55441', 'Ssintship 10400', 'Supplier 46894', 'Ssintship 10045', 'Supplier 11283']"
23,227,Supplier 55441,Supplier 71597,319.0,False,"[0.0, 89.5, 149.0, 249.0, 319.0]","['Supplier 55441', 'Ssintship 10400', 'Supplier 46894', 'Ssintship 10458', 'Supplier 71597']"
24,228,Supplier 55441,Customer 11346,322.5,False,"[0.0, 100.0, 185.0, 253.75, 322.5]","['Supplier 55441', 'Ssintship 10103', 'Supplier 24451', 'Scextship 9590', 'Customer 11346']"
25,229,Supplier 55441,Supplier 52082,323.5,False,"[0.0, 99.0, 183.0, 260.75, 323.5]","['Supplier 55441', 'Ssintship 10391', 'Supplier 81423', 'Ssintship 10370', 'Supplier 52082']"
26,232,Supplier 55441,Supplier 72315,328.0,False,"[0.0, 100.0, 170.0, 264.0, 328.0]","['Supplier 55441', 'Ssintship 10138', 'Supplier 65468', 'Ssintship 6881', 'Supplier 72315']"
27,237,Supplier 55441,Supplier 70443,334.0,False,"[0.0, 89.5, 149.0, 249.0, 334.0]","['Supplier 55441', 'Ssintship 10400', 'Supplier 46894', 'Ssintship 10068', 'Supplier 70443']"
28,240,Supplier 55441,Supplier 75444,338.5,False,"[0.0, 100.0, 170.0, 269.25, 338.5]","['Supplier 55441', 'Ssintship 10463', 'Supplier 30864', 'Ssintship 10324', 'Supplier 75444']"
29,241,Supplier 55441,Supplier 70468,339.0,False,"[0.0, 89.5, 149.0, 249.0, 339.0]","['Supplier 55441', 'Ssintship 10400', 'Supplier 46894', 'Ssintship 10018', 'Supplier 70468']"
30,242,Supplier 55441,Supplier 27057,339.0,False,"[0.0, 89.5, 149.0, 249.0, 339.0]","['Supplier 55441', 'Ssintship 10400', 'Supplier 46894', 'Ssintship 10423', 'Supplier 27057']"
31,243,Supplier 55441,Supplier 71574,340.0,False,"[0.0, 100.0, 170.0, 270.0, 340.0]","['Supplier 55441', 'Ssintship 10138', 'Supplier 65468', 'Internaltransactions 1132', 'Supplier 71574']"
32,244,Supplier 55441,Supplier 87916,340.0,False,"[0.0, 100.0, 170.0, 270.0, 340.0]","['Supplier 55441', 'Ssintship 10138', 'Supplier 65468', 'Ssintship 10227', 'Supplier 87916']"
33,245,Supplier 55441,Supplier 21232,340.0,False,"[0.0, 100.0, 170.0, 270.0, 340.0]","['Supplier 55441', 'Ssintship 10392', 'Supplier 13951', 'Ssintship 10350', 'Supplier 21232']"
34,246,Supplier 55441,Supplier 16265,340.0,False,"[0.0, 100.0, 170.0, 270.0, 340.0]","['Supplier 55441', 'Ssintship 10138', 'Supplier 65468', 'Ssintship 10249', 'Supplier 16265']"
35,255,Supplier 55441,Supplier 68240,345.0,False,"[0.0, 100.0, 175.0, 275.0, 345.0]","['Supplier 55441', 'Ssintship 10373', 'Supplier 13362', 'Ssintship 10210', 'Supplier 68240']"
36,264,Supplier 55441,Supplier 10161,349.0,False,"[0.0, 99.0, 183.0, 281.0, 349.0]","['Supplier 55441', 'Ssintship 10391', 'Supplier 81423', 'Ssintship 10093', 'Supplier 10161']"
37,265,Supplier 55441,Supplier 13283,353.0,False,"[0.0, 99.0, 183.0, 283.0, 353.0]","['Supplier 55441', 'Ssintship 10391', 'Supplier 81423', 'Ssintship 10269', 'Supplier 13283']"
38,266,Supplier 55441,Supplier 57551,353.0,False,"[0.0, 99.0, 183.0, 283.0, 353.0]","['Supplier 55441', 'Ssintship 10391', 'Supplier 81423', 'Internaltransactions 8824', 'Supplier 57551']"
39,271,Supplier 55441,Supplier 57109,355.0,False,"[0.0, 100.0, 170.0, 270.0, 355.0]","['Supplier 55441', 'Ssintship 10463', 'Supplier 30864', 'Ssintship 4227', 'Supplier 57109']"
40,272,Supplier 55441,Supplier 18952,355.0,False,"[0.0, 100.0, 170.0, 270.0, 355.0]","['Supplier 55441', 'Ssintship 10463', 'Supplier 30864', 'Ssintship 10482', 'Supplier 18952']"
41,273,Supplier 55441,Supplier 74318,355.0,False,"[0.0, 100.0, 170.0, 270.0, 355.0]","['Supplier 55441', 'Ssintship 10463', 'Supplier 30864', 'Internaltransactions 7639', 'Supplier 74318']"
42,274,Supplier 55441,Supplier 99762,355.0,False,"[0.0, 100.0, 170.0, 270.0, 355.0]","['Supplier 55441', 'Ssintship 10392', 'Supplier 13951', 'Ssintship 10064', 'Supplier 99762']"
43,275,Supplier 55441,Supplier 48580,355.0,False,"[0.0, 100.0, 170.0, 270.0, 355.0]","['Supplier 55441', 'Ssintship 10138', 'Supplier 65468', 'Ssintship 10007', 'Supplier 48580']"
44,276,Supplier 55441,Supplier 35266,355.0,False,"[0.0, 100.0, 185.0, 285.0, 355.0]","['Supplier 55441', 'Ssintship 10084', 'Supplier 26533', 'Internaltransactions 2545', 'Supplier 35266']"
45,277,Supplier 55441,Supplier 90942,355.0,False,"[0.0, 100.0, 185.0, 285.0, 355.0]","['Supplier 55441', 'Ssintship 10103', 'Supplier 24451', 'Ssintship 10195', 'Supplier 90942']"
46,278,Supplier 55441,Supplier 15367,355.0,False,"[0.0, 100.0, 185.0, 285.0, 355.0]","['Supplier 55441', 'Ssintship 10160', 'Supplier 43284', 'Ssintship 10468', 'Supplier 15367']"
47,279,Supplier 55441,Supplier 68814,355.0,False,"[0.0, 100.0, 185.0, 285.0, 355.0]","['Supplier 55441', 'Ssintship 10160', 'Supplier 43284', 'Internaltransactions 2715', 'Supplier 68814']"
48,280,Supplier 55441,Supplier 35841,355.0,False,"[0.0, 100.0, 185.0, 285.0, 355.0]","['Supplier 55441', 'Ssintship 10182', 'Supplier 94512', 'Internaltransactions 8826', 'Supplier 35841']"
49,286,Supplier 55441,Supplier 46070,360.0,False,"[0.0, 100.0, 170.0, 270.0, 360.0]","['Supplier 55441', 'Ssintship 10307', 'Supplier 48467', 'Ssintship 10479', 'Supplier 46070']"
50,287,Supplier 55441,Supplier 54148,360.0,False,"[0.0, 100.0, 175.0, 275.0, 360.0]","['Supplier 55441', 'Ssintship 10373', 'Supplier 13362', 'Ssintship 10114', 'Supplier 54148']"
51,288,Supplier 55441,Supplier 71916,360.0,False,"[0.0, 100.0, 185.0, 285.0, 360.0]","['Supplier 55441', 'Ssintship 10160', 'Supplier 43284', 'Ssintship 10057', 'Supplier 71916']"
52,297,Supplier 55441,Supplier 55787,368.0,False,"[0.0, 99.0, 183.0, 283.0, 368.0]","['Supplier 55441', 'Ssintship 10391', 'Supplier 81423', 'Internaltransactions 3345', 'Supplier 55787']"
53,300,Supplier 55441,Supplier 30692,370.0,False,"[0.0, 100.0, 185.0, 285.0, 370.0]","['Supplier 55441', 'Ssintship 10084', 'Supplier 26533', 'Ssintship 10321', 'Supplier 30692']"
54,304,Supplier 55441,Customer 60867,370.0,False,"[0.0, 100.0, 170.0, 270.0, 370.0]","['Supplier 55441', 'Ssintship 10307', 'Supplier 48467', 'Externaltransactions 6574', 'Customer 60867']"
55,306,Supplier 55441,Customer 84885,370.0,False,"[0.0, 100.0, 170.0, 270.0, 370.0]","['Supplier 55441', 'Ssintship 10307', 'Supplier 48467', 'Externaltransactions 3530', 'Customer 84885']"
56,307,Supplier 55441,Retailer 34779,370.0,False,"[0.0, 100.0, 170.0, 270.0, 370.0]","['Supplier 55441', 'Ssintship 10392', 'Supplier 13951', 'Srintship 2252', 'Retailer 34779']"
57,309,Supplier 55441,Customer 14259,370.0,False,"[0.0, 100.0, 170.0, 270.0, 370.0]","['Supplier 55441', 'Ssintship 10307', 'Supplier 48467', 'Externaltransactions 7454', 'Customer 14259']"
58,310,Supplier 55441,Customer 22043,370.0,False,"[0.0, 100.0, 170.0, 270.0, 370.0]","['Supplier 55441', 'Ssintship 10392', 'Supplier 13951', 'Scextship 8588', 'Customer 22043']"
59,318,Supplier 55441,Customer 95549,370.0,False,"[0.0, 100.0, 170.0, 270.0, 370.0]","['Supplier 55441', 'Ssintship 10463', 'Supplier 30864', 'Externaltransactions 1532', 'Customer 95549']"
60,319,Supplier 55441,Customer 78170,370.0,False,"[0.0, 100.0, 170.0, 270.0, 370.0]","['Supplier 55441', 'Ssintship 10392', 'Supplier 13951', 'Externaltransactions 5334', 'Customer 78170']"
61,321,Supplier 55441,Retailer 76059,370.0,False,"[0.0, 100.0, 170.0, 270.0, 370.0]","['Supplier 55441', 'Ssintship 10463', 'Supplier 30864', 'Srintship 4066', 'Retailer 76059']"
62,323,Supplier 55441,Retailer 62920,370.0,False,"[0.0, 100.0, 170.0, 270.0, 370.0]","['Supplier 55441', 'Ssintship 10463', 'Supplier 30864', 'Srintship 8649', 'Retailer 62920']"
63,327,Supplier 55441,Retailer 11854,370.0,False,"[0.0, 100.0, 170.0, 270.0, 370.0]","['Supplier 55441', 'Ssintship 10213', 'Supplier 24646', 'Srintship 4524', 'Retailer 11854']"
64,333,Supplier 55441,Supplier 40597,370.0,False,"[0.0, 100.0, 185.0, 285.0, 370.0]","['Supplier 55441', 'Ssintship 10103', 'Supplier 24451', 'Ssintship 10128', 'Supplier 40597']"
65,336,Supplier 55441,Customer 76264,370.0,False,"[0.0, 100.0, 170.0, 270.0, 370.0]","['Supplier 55441', 'Ssintship 10213', 'Supplier 24646', 'Externaltransactions 6322', 'Customer 76264']"
66,337,Supplier 55441,Customer 14574,370.0,False,"[0.0, 100.0, 170.0, 270.0, 370.0]","['Supplier 55441', 'Ssintship 10463', 'Supplier 30864', 'Externaltransactions 5956', 'Customer 14574']"
67,340,Supplier 55441,Supplier 82144,370.0,False,"[0.0, 100.0, 185.0, 285.0, 370.0]","['Supplier 55441', 'Ssintship 10028', 'Supplier 87695', 'Ssintship 10040', 'Supplier 82144']"
68,341,Supplier 55441,Supplier 14125,370.0,False,"[0.0, 100.0, 185.0, 285.0, 370.0]","['Supplier 55441', 'Ssintship 10028', 'Supplier 87695', 'Ssintship 10450', 'Supplier 14125']"
69,342,Supplier 55441,Supplier 51293,370.0,False,"[0.0, 100.0, 185.0, 285.0, 370.0]","['Supplier 55441', 'Ssintship 10160', 'Supplier 43284', 'Ssintship 10257', 'Supplier 51293']"
70,380,Supplier 55441,Retailer 14965,375.0,False,"[0.0, 100.0, 175.0, 275.0, 375.0]","['Supplier 55441', 'Ssintship 10373', 'Supplier 13362', 'Srintship 1441', 'Retailer 14965']"
71,381,Supplier 55441,Retailer 62821,375.0,False,"[0.0, 100.0, 175.0, 275.0, 375.0]","['Supplier 55441', 'Ssintship 10373', 'Supplier 13362', 'Srintship 5718', 'Retailer 62821']"
72,385,Supplier 55441,Supplier 90236,375.0,False,"[0.0, 100.0, 185.0, 285.0, 375.0]","['Supplier 55441', 'Ssintship 10160', 'Supplier 43284', 'Ssintship 10285', 'Supplier 90236']"
73,399,Supplier 55441,Retailer 35367,383.0,False,"[0.0, 99.0, 183.0, 283.0, 383.0]","['Supplier 55441', 'Ssintship 10391', 'Supplier 81423', 'Srintship 3258', 'Retailer 35367']"
74,400,Supplier 55441,Retailer 93440,383.0,False,"[0.0, 99.0, 183.0, 283.0, 383.0]","['Supplier 55441', 'Ssintship 10391', 'Supplier 81423', 'Srintship 3614', 'Retailer 93440']"
75,410,Supplier 55441,Customer 39892,385.0,False,"[0.0, 100.0, 185.0, 285.0, 385.0]","['Supplier 55441', 'Ssintship 10084', 'Supplier 26533', 'Scextship 7708', 'Customer 39892']"
76,423,Supplier 55441,Retailer 67361,385.0,False,"[0.0, 100.0, 185.0, 285.0, 385.0]","['Supplier 55441', 'Ssintship 10077', 'Supplier 36243', 'Srintship 5897', 'Retailer 67361']"
77,435,Supplier 55441,Customer 32819,385.0,False,"[0.0, 100.0, 185.0, 285.0, 385.0]","['Supplier 55441', 'Ssintship 10028', 'Supplier 87695', 'Externaltransactions 8719', 'Customer 32819']"
78,436,Supplier 55441,Customer 55905,385.0,False,"[0.0, 100.0, 185.0, 285.0, 385.0]","['Supplier 55441', 'Ssintship 10084', 'Supplier 26533', 'Externaltransactions 1030', 'Customer 55905']"
79,443,Supplier 55441,Customer 32489,385.0,False,"[0.0, 100.0, 185.0, 285.0, 385.0]","['Supplier 55441', 'Ssintship 10084', 'Supplier 26533', 'Externaltransactions 5374', 'Customer 32489']"
80,448,Supplier 55441,Customer 41100,385.0,False,"[0.0, 100.0, 185.0, 285.0, 385.0]","['Supplier 55441', 'Ssintship 9411', 'Supplier 71819', 'Externaltransactions 2655', 'Customer 41100']"
81,450,Supplier 55441,Customer 97225,385.0,False,"[0.0, 100.0, 185.0, 285.0, 385.0]","['Supplier 55441', 'Ssintship 10182', 'Supplier 94512', 'Externaltransactions 3766', 'Customer 97225']"
82,451,Supplier 55441,Customer 56182,385.0,False,"[0.0, 100.0, 185.0, 285.0, 385.0]","['Supplier 55441', 'Ssintship 10103', 'Supplier 24451', 'Externaltransactions 1822', 'Customer 56182']"
83,453,Supplier 55441,Customer 75256,385.0,False,"[0.0, 100.0, 185.0, 285.0, 385.0]","['Supplier 55441', 'Ssintship 10028', 'Supplier 87695', 'Externaltransactions 6092', 'Customer 75256']"
84,454,Supplier 55441,Customer 11082,385.0,False,"[0.0, 100.0, 185.0, 285.0, 385.0]","['Supplier 55441', 'Ssintship 10028', 'Supplier 87695', 'Externaltransactions 9232', 'Customer 11082']"
85,460,Supplier 55441,Customer 35953,385.0,False,"[0.0, 100.0, 185.0, 285.0, 385.0]","['Supplier 55441', 'Ssintship 10103', 'Supplier 24451', 'Externaltransactions 7320', 'Customer 35953']"
86,465,Supplier 55441,Retailer 74653,385.0,False,"[0.0, 100.0, 185.0, 285.0, 385.0]","['Supplier 55441', 'Ssintship 10028', 'Supplier 87695', 'Srintship 3070', 'Retailer 74653']"
87,478,Supplier 55441,Customer 50014,385.0,False,"[0.0, 100.0, 185.0, 285.0, 385.0]","['Supplier 55441', 'Ssintship 10160', 'Supplier 43284', 'Externaltransactions 6970', 'Customer 50014']"
88,500,Supplier 55441,Supplier 97142,400.0,False,"[0.0, 100.0, 185.0, 215.0, 230.0, 330.0, 400.0]","['Supplier 55441', 'Ssintship 10160', 'Supplier 43284', 'Ssintship 5161', 'Supplier 29277', 'Ssintship 3632', 'Supplier 97142']"
89,515,Supplier 55441,Customer 16956,409.0,False,"[0.0, 89.5, 149.0, 179.0, 209.0, 309.0, 409.0]","['Supplier 55441', 'Ssintship 10400', 'Supplier 46894', 'Srintship 4214', 'Retailer 31857', 'Rcextship 5965', 'Customer 16956']"
90,562,Supplier 55441,Customer 83792,428.0,False,"[0.0, 99.0, 183.0, 283.0, 368.0, 398.0, 428.0]","['Supplier 55441', 'Ssintship 10391', 'Supplier 81423', 'Internaltransactions 3345', 'Supplier 55787', 'Scextship 1422', 'Customer 83792']"
91,565,Supplier 55441,Customer 48068,430.0,False,"[0.0, 100.0, 185.0, 215.0, 230.0, 330.0, 430.0]","['Supplier 55441', 'Ssintship 10160', 'Supplier 43284', 'Ssintship 5161', 'Supplier 29277', 'Externaltransactions 5702', 'Customer 48068']"
92,566,Supplier 55441,Customer 20571,430.0,False,"[0.0, 100.0, 185.0, 215.0, 230.0, 330.0, 430.0]","['Supplier 55441', 'Ssintship 10160', 'Supplier 43284', 'Ssintship 5161', 'Supplier 29277', 'Scextship 5269', 'Customer 20571']"
93,630,Supplier 55441,Supplier 68615,444.0,False,"[0.0, 100.0, 185.0, 244.5, 274.0, 374.0, 444.0]","['Supplier 55441', 'Ssintship 10077', 'Supplier 36243', 'Ssintship 1610', 'Supplier 13920', 'Internaltransactions 5290', 'Supplier 68615']"
94,648,Supplier 55441,Retailer 28960,450.5,False,"[0.0, 100.0, 185.0, 254.25, 308.5, 379.5, 450.5]","['Supplier 55441', 'Ssintship 10103', 'Supplier 24451', 'Ssintship 10072', 'Supplier 76443', 'Srintship 8929', 'Retailer 28960']"
95,736,Supplier 55441,Supplier 34967,459.0,False,"[0.0, 100.0, 185.0, 244.5, 274.0, 374.0, 459.0]","['Supplier 55441', 'Ssintship 10077', 'Supplier 36243', 'Ssintship 1610', 'Supplier 13920', 'Internaltransactions 6409', 'Supplier 34967']"
96,767,Supplier 55441,Supplier 86815,467.0,False,"[0.0, 100.0, 185.0, 285.0, 355.0, 426.0, 467.0]","['Supplier 55441', 'Ssintship 10182', 'Supplier 94512', 'Internaltransactions 8826', 'Supplier 35841', 'Ssintship 6224', 'Supplier 86815']"
97,828,Supplier 55441,Customer 38534,471.0,False,"[0.0, 100.0, 185.0, 243.0, 271.0, 371.0, 471.0]","['Supplier 55441', 'Ssintship 10182', 'Supplier 94512', 'Ssintship 10379', 'Supplier 43160', 'Externaltransactions 4680', 'Customer 38534']"
98,831,Supplier 55441,Customer 50653,471.0,False,"[0.0, 100.0, 185.0, 243.0, 271.0, 371.0, 471.0]","['Supplier 55441', 'Ssintship 10182', 'Supplier 94512', 'Ssintship 10379', 'Supplier 43160', 'Externaltransactions 6431', 'Customer 50653']"
99,834,Supplier 55441,Retailer 22940,474.0,False,"[0.0, 100.0, 185.0, 244.5, 274.0, 374.0, 474.0]","['Supplier 55441', 'Ssintship 10077', 'Supplier 36243', 'Ssintship 1610', 'Supplier 13920', 'Srintship 7103', 'Retailer 22940']"
100,836,Supplier 55441,Customer 41538,474.0,False,"[0.0, 100.0, 185.0, 244.5, 274.0, 374.0, 474.0]","['Supplier 55441', 'Ssintship 10077', 'Supplier 36243', 'Ssintship 1610', 'Supplier 13920', 'Externaltransactions 8429', 'Customer 41538']"
101,837,Supplier 55441,Customer 15307,474.0,False,"[0.0, 100.0, 185.0, 244.5, 274.0, 374.0, 474.0]","['Supplier 55441', 'Ssintship 10077', 'Supplier 36243', 'Ssintship 1610', 'Supplier 13920', 'Scextship 3246', 'Customer 15307']"
102,838,Supplier 55441,Customer 48071,474.0,False,"[0.0, 100.0, 185.0, 244.5, 274.0, 374.0, 474.0]","['Supplier 55441', 'Ssintship 10077', 'Supplier 36243', 'Ssintship 1610', 'Supplier 13920', 'Externaltransactions 6663', 'Customer 48071']"
103,845,Supplier 55441,Customer 91846,474.0,False,"[0.0, 100.0, 185.0, 244.5, 274.0, 374.0, 474.0]","['Supplier 55441', 'Ssintship 10077', 'Supplier 36243', 'Ssintship 1610', 'Supplier 13920', 'Scextship 6062', 'Customer 91846']"
104,855,Supplier 55441,Supplier 11186,477.5,False,"[0.0, 100.0, 170.0, 270.0, 340.0, 423.75, 477.5]","['Supplier 55441', 'Ssintship 10392', 'Supplier 13951', 'Ssintship 10350', 'Supplier 21232', 'Ssintship 10280', 'Supplier 11186']"
105,858,Supplier 55441,Retailer 47196,496.5,False,"[0.0, 100.0, 185.0, 254.25, 308.5, 402.5, 496.5]","['Supplier 55441', 'Ssintship 10103', 'Supplier 24451', 'Ssintship 10072', 'Supplier 76443', 'Srintship 8335', 'Retailer 47196']"
106,861,Supplier 55441,Supplier 77743,498.0,False,"[0.0, 100.0, 170.0, 264.0, 328.0, 428.0, 498.0]","['Supplier 55441', 'Ssintship 10138', 'Supplier 65468', 'Ssintship 6881', 'Supplier 72315', 'Ssintship 4496', 'Supplier 77743']"
107,862,Supplier 55441,Supplier 36985,498.5,False,"[0.0, 100.0, 185.0, 254.25, 308.5, 408.5, 498.5]","['Supplier 55441', 'Ssintship 10103', 'Supplier 24451', 'Ssintship 10072', 'Supplier 76443', 'Internaltransactions 8718', 'Supplier 36985']"
108,882,Supplier 55441,Supplier 11790,504.0,False,"[0.0, 89.5, 149.0, 249.0, 334.0, 434.0, 504.0]","['Supplier 55441', 'Ssintship 10400', 'Supplier 46894', 'Ssintship 10068', 'Supplier 70443', 'Ssintship 10261', 'Supplier 11790']"
109,883,Supplier 55441,Supplier 21166,504.0,False,"[0.0, 89.5, 149.0, 249.0, 319.0, 419.0, 504.0]","['Supplier 55441', 'Ssintship 10400', 'Supplier 46894', 'Ssintship 10045', 'Supplier 11283', 'Internaltransactions 7344', 'Supplier 21166']"
110,890,Supplier 55441,Customer 59444,508.5,False,"[0.0, 100.0, 185.0, 254.25, 308.5, 408.5, 508.5]","['Supplier 55441', 'Ssintship 10103', 'Supplier 24451', 'Ssintship 10072', 'Supplier 76443', 'Scextship 4781', 'Customer 59444']"
111,892,Supplier 55441,Customer 91447,508.5,False,"[0.0, 100.0, 185.0, 254.25, 308.5, 408.5, 508.5]","['Supplier 55441', 'Ssintship 10103', 'Supplier 24451', 'Ssintship 10072', 'Supplier 76443', 'Scextship 2301', 'Customer 91447']"
112,894,Supplier 55441,Supplier 54921,509.0,False,"[0.0, 89.5, 149.0, 249.0, 339.0, 439.0, 509.0]","['Supplier 55441', 'Ssintship 10400', 'Supplier 46894', 'Ssintship 10423', 'Supplier 27057', 'Internaltransactions 8356', 'Supplier 54921']"
113,895,Supplier 55441,Supplier 78265,510.0,False,"[0.0, 100.0, 170.0, 270.0, 340.0, 440.0, 510.0]","['Supplier 55441', 'Ssintship 10392', 'Supplier 13951', 'Ssintship 10350', 'Supplier 21232', 'Internaltransactions 9683', 'Supplier 78265']"
114,896,Supplier 55441,Supplier 48238,513.5,False,"[0.0, 99.0, 183.0, 260.75, 323.5, 423.5, 513.5]","['Supplier 55441', 'Ssintship 10391', 'Supplier 81423', 'Ssintship 10370', 'Supplier 52082', 'Ssintship 10278', 'Supplier 48238']"
115,920,Supplier 55441,Customer 24255,523.5,False,"[0.0, 99.0, 183.0, 260.75, 323.5, 423.5, 523.5]","['Supplier 55441', 'Ssintship 10391', 'Supplier 81423', 'Ssintship 10370', 'Supplier 52082', 'Scextship 5333', 'Customer 24255']"
116,931,Supplier 55441,Supplier 43691,525.0,False,"[0.0, 100.0, 170.0, 270.0, 340.0, 440.0, 525.0]","['Supplier 55441', 'Ssintship 10138', 'Supplier 65468', 'Internaltransactions 1132', 'Supplier 71574', 'Ssintship 7072', 'Supplier 43691']"
117,932,Supplier 55441,Supplier 96293,525.0,False,"[0.0, 100.0, 170.0, 270.0, 355.0, 455.0, 525.0]","['Supplier 55441', 'Ssintship 10463', 'Supplier 30864', 'Ssintship 10482', 'Supplier 18952', 'Internaltransactions 6524', 'Supplier 96293']"
118,933,Supplier 55441,Supplier 19878,525.0,False,"[0.0, 100.0, 170.0, 270.0, 355.0, 455.0, 525.0]","['Supplier 55441', 'Ssintship 10463', 'Supplier 30864', 'Ssintship 10482', 'Supplier 18952', 'Internaltransactions 3277', 'Supplier 19878']"
119,934,Supplier 55441,Supplier 79389,525.0,False,"[0.0, 100.0, 170.0, 270.0, 355.0, 455.0, 525.0]","['Supplier 55441', 'Ssintship 10463', 'Supplier 30864', 'Ssintship 10482', 'Supplier 18952', 'Internaltransactions 1832', 'Supplier 79389']"
120,935,Supplier 55441,Supplier 52160,525.0,False,"[0.0, 100.0, 185.0, 285.0, 355.0, 455.0, 525.0]","['Supplier 55441', 'Ssintship 10103', 'Supplier 24451', 'Ssintship 10195', 'Supplier 90942', 'Ssintship 7281', 'Supplier 52160']"
121,936,Supplier 55441,Supplier 10731,525.0,False,"[0.0, 100.0, 185.0, 285.0, 355.0, 455.0, 525.0]","['Supplier 55441', 'Ssintship 10160', 'Supplier 43284', 'Internaltransactions 2715', 'Supplier 68814', 'Ssintship 2914', 'Supplier 10731']"
122,943,Supplier 55441,Retailer 90349,528.0,False,"[0.0, 100.0, 170.0, 264.0, 328.0, 428.0, 528.0]","['Supplier 55441', 'Ssintship 10138', 'Supplier 65468', 'Ssintship 6881', 'Supplier 72315', 'Srintship 3089', 'Retailer 90349']"
123,946,Supplier 55441,Retailer 40164,528.0,False,"[0.0, 100.0, 170.0, 264.0, 328.0, 428.0, 528.0]","['Supplier 55441', 'Ssintship 10138', 'Supplier 65468', 'Ssintship 6881', 'Supplier 72315', 'Srintship 9766', 'Retailer 40164']"
124,948,Supplier 55441,Retailer 25889,528.0,False,"[0.0, 100.0, 170.0, 264.0, 328.0, 428.0, 528.0]","['Supplier 55441', 'Ssintship 10138', 'Supplier 65468', 'Ssintship 6881', 'Supplier 72315', 'Srintship 1851', 'Retailer 25889']"
125,951,Supplier 55441,Supplier 19072,528.5,False,"[0.0, 100.0, 170.0, 269.25, 338.5, 438.5, 528.5]","['Supplier 55441', 'Ssintship 10463', 'Supplier 30864', 'Ssintship 10324', 'Supplier 75444', 'Internaltransactions 9221', 'Supplier 19072']"
126,952,Supplier 55441,Supplier 46942,530.0,False,"[0.0, 100.0, 170.0, 270.0, 340.0, 440.0, 530.0]","['Supplier 55441', 'Ssintship 10138', 'Supplier 65468', 'Ssintship 10249', 'Supplier 16265', 'Ssintship 8070', 'Supplier 46942']"
127,953,Supplier 55441,Supplier 58976,530.0,False,"[0.0, 100.0, 185.0, 285.0, 355.0, 455.0, 530.0]","['Supplier 55441', 'Ssintship 10182', 'Supplier 94512', 'Internaltransactions 8826', 'Supplier 35841', 'Internaltransactions 6472', 'Supplier 58976']"
128,958,Supplier 55441,Customer 41344,534.0,False,"[0.0, 89.5, 149.0, 249.0, 334.0, 434.0, 534.0]","['Supplier 55441', 'Ssintship 10400', 'Supplier 46894', 'Ssintship 10068', 'Supplier 70443', 'Externaltransactions 8650', 'Customer 41344']"
129,971,Supplier 55441,Customer 44945,538.5,False,"[0.0, 100.0, 170.0, 269.25, 338.5, 438.5, 538.5]","['Supplier 55441', 'Ssintship 10463', 'Supplier 30864', 'Ssintship 10324', 'Supplier 75444', 'Externaltransactions 4876', 'Customer 44945']"
130,972,Supplier 55441,Retailer 61892,538.5,False,"[0.0, 100.0, 170.0, 269.25, 338.5, 438.5, 538.5]","['Supplier 55441', 'Ssintship 10463', 'Supplier 30864', 'Ssintship 10324', 'Supplier 75444', 'Srintship 8155', 'Retailer 61892']"
131,973,Supplier 55441,Customer 10613,538.5,False,"[0.0, 100.0, 170.0, 269.25, 338.5, 438.5, 538.5]","['Supplier 55441', 'Ssintship 10463', 'Supplier 30864', 'Ssintship 10324', 'Supplier 75444', 'Scextship 9477', 'Customer 10613']"
132,989,Supplier 55441,Retailer 86308,539.0,False,"[0.0, 89.5, 149.0, 249.0, 339.0, 439.0, 539.0]","['Supplier 55441', 'Ssintship 10400', 'Supplier 46894', 'Ssintship 10018', 'Supplier 70468', 'Srintship 1388', 'Retailer 86308']"
133,993,Supplier 55441,Customer 18451,540.0,False,"[0.0, 100.0, 170.0, 270.0, 340.0, 440.0, 540.0]","['Supplier 55441', 'Ssintship 10392', 'Supplier 13951', 'Ssintship 10350', 'Supplier 21232', 'Scextship 3670', 'Customer 18451']"
134,995,Supplier 55441,Customer 78934,540.0,False,"[0.0, 100.0, 170.0, 270.0, 340.0, 440.0, 540.0]","['Supplier 55441', 'Ssintship 10392', 'Supplier 13951', 'Ssintship 10350', 'Supplier 21232', 'Scextship 6083', 'Customer 78934']"
135,1000,Supplier 55441,Customer 28691,540.0,False,"[0.0, 100.0, 170.0, 270.0, 340.0, 440.0, 540.0]","['Supplier 55441', 'Ssintship 10392', 'Supplier 13951', 'Ssintship 10350', 'Supplier 21232', 'Externaltransactions 7943', 'Customer 28691']"
136,1003,Supplier 55441,Customer 90435,540.0,False,"[0.0, 100.0, 170.0, 270.0, 340.0, 440.0, 540.0]","['Supplier 55441', 'Ssintship 10138', 'Supplier 65468', 'Ssintship 10227', 'Supplier 87916', 'Externaltransactions 5407', 'Customer 90435']"
137,1016,Supplier 55441,Retailer 75353,540.0,False,"[0.0, 100.0, 170.0, 270.0, 340.0, 440.0, 540.0]","['Supplier 55441', 'Ssintship 10138', 'Supplier 65468', 'Ssintship 10249', 'Supplier 16265', 'Srintship 3678', 'Retailer 75353']"
138,1020,Supplier 55441,Customer 95167,540.0,False,"[0.0, 100.0, 170.0, 270.0, 340.0, 440.0, 540.0]","['Supplier 55441', 'Ssintship 10138', 'Supplier 65468', 'Ssintship 10227', 'Supplier 87916', 'Externaltransactions 1733', 'Customer 95167']"
139,1022,Supplier 55441,Customer 16771,540.0,False,"[0.0, 100.0, 170.0, 270.0, 340.0, 440.0, 540.0]","['Supplier 55441', 'Ssintship 10138', 'Supplier 65468', 'Ssintship 10227', 'Supplier 87916', 'Externaltransactions 3053', 'Customer 16771']"
140,1023,Supplier 55441,Customer 53519,540.0,False,"[0.0, 100.0, 170.0, 270.0, 340.0, 440.0, 540.0]","['Supplier 55441', 'Ssintship 10392', 'Supplier 13951', 'Ssintship 10350', 'Supplier 21232', 'Externaltransactions 6055', 'Customer 53519']"
141,1026,Supplier 55441,Retailer 65811,540.0,False,"[0.0, 100.0, 170.0, 270.0, 340.0, 440.0, 540.0]","['Supplier 55441', 'Ssintship 10392', 'Supplier 13951', 'Ssintship 10350', 'Supplier 21232', 'Srintship 3992', 'Retailer 65811']"
142,1027,Supplier 55441,Customer 81344,540.0,False,"[0.0, 100.0, 170.0, 270.0, 340.0, 440.0, 540.0]","['Supplier 55441', 'Ssintship 10392', 'Supplier 13951', 'Ssintship 10350', 'Supplier 21232', 'Scextship 7366', 'Customer 81344']"
143,1028,Supplier 55441,Supplier 70050,540.0,False,"[0.0, 100.0, 185.0, 285.0, 355.0, 455.0, 540.0]","['Supplier 55441', 'Ssintship 10182', 'Supplier 94512', 'Internaltransactions 8826', 'Supplier 35841', 'Internaltransactions 7076', 'Supplier 70050']"
144,1030,Supplier 55441,Customer 24998,540.0,False,"[0.0, 100.0, 170.0, 270.0, 340.0, 440.0, 540.0]","['Supplier 55441', 'Ssintship 10138', 'Supplier 65468', 'Ssintship 10249', 'Supplier 16265', 'Scextship 8280', 'Customer 24998']"
145,1037,Supplier 55441,Customer 27430,545.0,False,"[0.0, 100.0, 175.0, 275.0, 345.0, 445.0, 545.0]","['Supplier 55441', 'Ssintship 10373', 'Supplier 13362', 'Ssintship 10210', 'Supplier 68240', 'Scextship 5028', 'Customer 27430']"
146,1044,Supplier 55441,Supplier 36417,545.0,False,"[0.0, 100.0, 170.0, 270.0, 355.0, 455.0, 545.0]","['Supplier 55441', 'Ssintship 10392', 'Supplier 13951', 'Ssintship 10064', 'Supplier 99762', 'Ssintship 10198', 'Supplier 36417']"
147,1045,Supplier 55441,Supplier 68357,545.0,False,"[0.0, 100.0, 185.0, 285.0, 370.0, 470.0, 545.0]","['Supplier 55441', 'Ssintship 10028', 'Supplier 87695', 'Ssintship 10450', 'Supplier 14125', 'Ssintship 3000', 'Supplier 68357']"
148,1084,Supplier 55441,Customer 18213,555.0,False,"[0.0, 100.0, 185.0, 285.0, 355.0, 455.0, 555.0]","['Supplier 55441', 'Ssintship 10160', 'Supplier 43284', 'Internaltransactions 2715', 'Supplier 68814', 'Scextship 4273', 'Customer 18213']"
149,1095,Supplier 55441,Customer 49626,555.0,False,"[0.0, 100.0, 170.0, 270.0, 355.0, 455.0, 555.0]","['Supplier 55441', 'Ssintship 10138', 'Supplier 65468', 'Ssintship 10007', 'Supplier 48580', 'Externaltransactions 8383', 'Customer 49626']"
150,1103,Supplier 55441,Customer 47008,555.0,False,"[0.0, 100.0, 185.0, 285.0, 355.0, 455.0, 555.0]","['Supplier 55441', 'Ssintship 10103', 'Supplier 24451', 'Ssintship 10195', 'Supplier 90942', 'Externaltransactions 7255', 'Customer 47008']"
151,1117,Supplier 55441,Customer 13248,555.0,False,"[0.0, 100.0, 170.0, 270.0, 355.0, 455.0, 555.0]","['Supplier 55441', 'Ssintship 10463', 'Supplier 30864', 'Internaltransactions 7639', 'Supplier 74318', 'Externaltransactions 2611', 'Customer 13248']"
152,1124,Supplier 55441,Customer 18779,555.0,False,"[0.0, 100.0, 185.0, 285.0, 355.0, 455.0, 555.0]","['Supplier 55441', 'Ssintship 10182', 'Supplier 94512', 'Internaltransactions 8826', 'Supplier 35841', 'Externaltransactions 6209', 'Customer 18779']"
153,1127,Supplier 55441,Customer 82092,555.0,False,"[0.0, 100.0, 170.0, 270.0, 355.0, 455.0, 555.0]","['Supplier 55441', 'Ssintship 10463', 'Supplier 30864', 'Ssintship 4227', 'Supplier 57109', 'Externaltransactions 5644', 'Customer 82092']"
154,1130,Supplier 55441,Customer 81782,555.0,False,"[0.0, 100.0, 170.0, 270.0, 355.0, 455.0, 555.0]","['Supplier 55441', 'Ssintship 10138', 'Supplier 65468', 'Ssintship 10007', 'Supplier 48580', 'Scextship 7960', 'Customer 81782']"
155,1134,Supplier 55441,Customer 80996,555.0,False,"[0.0, 100.0, 170.0, 270.0, 355.0, 455.0, 555.0]","['Supplier 55441', 'Ssintship 10463', 'Supplier 30864', 'Ssintship 10482', 'Supplier 18952', 'Externaltransactions 8014', 'Customer 80996']"
156,1138,Supplier 55441,Customer 15908,555.0,False,"[0.0, 100.0, 170.0, 270.0, 355.0, 455.0, 555.0]","['Supplier 55441', 'Ssintship 10463', 'Supplier 30864', 'Ssintship 10482', 'Supplier 18952', 'Externaltransactions 6696', 'Customer 15908']"
157,1143,Supplier 55441,Customer 79381,555.0,False,"[0.0, 100.0, 170.0, 270.0, 355.0, 455.0, 555.0]","['Supplier 55441', 'Ssintship 10392', 'Supplier 13951', 'Ssintship 10064', 'Supplier 99762', 'Scextship 6220', 'Customer 79381']"
158,1147,Supplier 55441,Retailer 94027,555.0,False,"[0.0, 100.0, 185.0, 285.0, 355.0, 455.0, 555.0]","['Supplier 55441', 'Ssintship 10160', 'Supplier 43284', 'Ssintship 10468', 'Supplier 15367', 'Srintship 4556', 'Retailer 94027']"
159,1148,Supplier 55441,Retailer 82830,555.0,False,"[0.0, 100.0, 185.0, 285.0, 355.0, 455.0, 555.0]","['Supplier 55441', 'Ssintship 10103', 'Supplier 24451', 'Ssintship 10195', 'Supplier 90942', 'Srintship 1480', 'Retailer 82830']"
160,1149,Supplier 55441,Customer 33597,555.0,False,"[0.0, 100.0, 185.0, 285.0, 355.0, 455.0, 555.0]","['Supplier 55441', 'Ssintship 10084', 'Supplier 26533', 'Internaltransactions 2545', 'Supplier 35266', 'Scextship 5641', 'Customer 33597']"
161,1154,Supplier 55441,Customer 87421,555.0,False,"[0.0, 100.0, 185.0, 285.0, 355.0, 455.0, 555.0]","['Supplier 55441', 'Ssintship 10160', 'Supplier 43284', 'Ssintship 10468', 'Supplier 15367', 'Externaltransactions 7226', 'Customer 87421']"
162,1157,Supplier 55441,Supplier 92698,555.0,False,"[0.0, 100.0, 185.0, 285.0, 370.0, 470.0, 555.0]","['Supplier 55441', 'Ssintship 10103', 'Supplier 24451', 'Ssintship 10128', 'Supplier 40597', 'Internaltransactions 6661', 'Supplier 92698']"
163,1162,Supplier 55441,Retailer 22049,555.0,False,"[0.0, 100.0, 185.0, 285.0, 355.0, 455.0, 555.0]","['Supplier 55441', 'Ssintship 10160', 'Supplier 43284', 'Ssintship 10468', 'Supplier 15367', 'Srintship 1310', 'Retailer 22049']"
164,1164,Supplier 55441,Customer 15724,555.0,False,"[0.0, 100.0, 170.0, 270.0, 355.0, 455.0, 555.0]","['Supplier 55441', 'Ssintship 10392', 'Supplier 13951', 'Ssintship 10064', 'Supplier 99762', 'Scextship 1456', 'Customer 15724']"
165,1190,Supplier 55441,Customer 17879,560.0,False,"[0.0, 100.0, 170.0, 270.0, 360.0, 460.0, 560.0]","['Supplier 55441', 'Ssintship 10307', 'Supplier 48467', 'Ssintship 10479', 'Supplier 46070', 'Externaltransactions 9300', 'Customer 17879']"
166,1199,Supplier 55441,Customer 88373,560.0,False,"[0.0, 100.0, 170.0, 270.0, 360.0, 460.0, 560.0]","['Supplier 55441', 'Ssintship 10307', 'Supplier 48467', 'Ssintship 10479', 'Supplier 46070', 'Scextship 1116', 'Customer 88373']"
167,1214,Supplier 55441,Customer 69145,568.0,False,"[0.0, 99.0, 183.0, 283.0, 368.0, 468.0, 568.0]","['Supplier 55441', 'Ssintship 10391', 'Supplier 81423', 'Internaltransactions 3345', 'Supplier 55787', 'Scextship 9033', 'Customer 69145']"
168,1223,Supplier 55441,Retailer 78981,568.0,False,"[0.0, 99.0, 183.0, 283.0, 368.0, 468.0, 568.0]","['Supplier 55441', 'Ssintship 10391', 'Supplier 81423', 'Internaltransactions 3345', 'Supplier 55787', 'Srintship 1058', 'Retailer 78981']"
169,1235,Supplier 55441,Customer 42959,570.0,False,"[0.0, 100.0, 185.0, 285.0, 370.0, 470.0, 570.0]","['Supplier 55441', 'Ssintship 10028', 'Supplier 87695', 'Ssintship 10040', 'Supplier 82144', 'Scextship 1431', 'Customer 42959']"
170,1258,Supplier 55441,Customer 58600,570.0,False,"[0.0, 100.0, 185.0, 285.0, 370.0, 470.0, 570.0]","['Supplier 55441', 'Ssintship 10084', 'Supplier 26533', 'Ssintship 10321', 'Supplier 30692', 'Scextship 2379', 'Customer 58600']"
171,1260,Supplier 55441,Customer 66152,570.0,False,"[0.0, 100.0, 185.0, 285.0, 370.0, 470.0, 570.0]","['Supplier 55441', 'Ssintship 10028', 'Supplier 87695', 'Ssintship 10040', 'Supplier 82144', 'Externaltransactions 8838', 'Customer 66152']"
172,1262,Supplier 55441,Customer 98678,570.0,False,"[0.0, 100.0, 185.0, 285.0, 370.0, 470.0, 570.0]","['Supplier 55441', 'Ssintship 10084', 'Supplier 26533', 'Ssintship 10321', 'Supplier 30692', 'Externaltransactions 9156', 'Customer 98678']"
173,1264,Supplier 55441,Customer 90589,570.0,False,"[0.0, 100.0, 185.0, 285.0, 370.0, 470.0, 570.0]","['Supplier 55441', 'Ssintship 10028', 'Supplier 87695', 'Ssintship 10040', 'Supplier 82144', 'Externaltransactions 4703', 'Customer 90589']"
174,1273,Supplier 55441,Retailer 76987,570.0,False,"[0.0, 100.0, 185.0, 285.0, 370.0, 470.0, 570.0]","['Supplier 55441', 'Ssintship 10103', 'Supplier 24451', 'Ssintship 10128', 'Supplier 40597', 'Srintship 6209', 'Retailer 76987']"
175,1275,Supplier 55441,Retailer 31412,570.0,False,"[0.0, 100.0, 185.0, 285.0, 370.0, 470.0, 570.0]","['Supplier 55441', 'Ssintship 10103', 'Supplier 24451', 'Ssintship 10128', 'Supplier 40597', 'Srintship 6843', 'Retailer 31412']"
176,1282,Supplier 55441,Customer 95571,575.0,False,"[0.0, 100.0, 185.0, 285.0, 375.0, 475.0, 575.0]","['Supplier 55441', 'Ssintship 10160', 'Supplier 43284', 'Ssintship 10285', 'Supplier 90236', 'Externaltransactions 8367', 'Customer 95571']"
177,1283,Supplier 55441,Customer 60542,575.0,False,"[0.0, 100.0, 175.0, 275.0, 375.0, 475.0, 575.0]","['Supplier 55441', 'Ssintship 10373', 'Supplier 13362', 'Srintship 5718', 'Retailer 62821', 'Rcextship 8328', 'Customer 60542']"
178,1285,Supplier 55441,Customer 99404,575.0,False,"[0.0, 100.0, 185.0, 285.0, 375.0, 475.0, 575.0]","['Supplier 55441', 'Ssintship 10160', 'Supplier 43284', 'Ssintship 10285', 'Supplier 90236', 'Externaltransactions 7858', 'Customer 99404']"
179,1312,Supplier 55441,Customer 78650,600.0,False,"[0.0, 100.0, 185.0, 215.0, 230.0, 330.0, 400.0, 500.0, 600.0]","['Supplier 55441', 'Ssintship 10160', 'Supplier 43284', 'Ssintship 5161', 'Supplier 29277', 'Ssintship 3632', 'Supplier 97142', 'Scextship 1876', 'Customer 78650']"
180,1318,Supplier 55441,Customer 29456,600.0,False,"[0.0, 100.0, 185.0, 215.0, 230.0, 330.0, 400.0, 500.0, 600.0]","['Supplier 55441', 'Ssintship 10160', 'Supplier 43284', 'Ssintship 5161', 'Supplier 29277', 'Ssintship 3632', 'Supplier 97142', 'Scextship 7218', 'Customer 29456']"
181,1362,Supplier 55441,Supplier 46204,621.0,False,"[0.0, 100.0, 185.0, 254.25, 308.5, 408.5, 498.5, 574.75, 621.0]","['Supplier 55441', 'Ssintship 10103', 'Supplier 24451', 'Ssintship 10072', 'Supplier 76443', 'Internaltransactions 8718', 'Supplier 36985', 'Ssintship 10293', 'Supplier 46204']"
182,1438,Supplier 55441,Supplier 23640,637.0,False,"[0.0, 100.0, 185.0, 285.0, 355.0, 426.0, 467.0, 567.0, 637.0]","['Supplier 55441', 'Ssintship 10182', 'Supplier 94512', 'Internaltransactions 8826', 'Supplier 35841', 'Ssintship 6224', 'Supplier 86815', 'Internaltransactions 5792', 'Supplier 23640']"
183,1464,Supplier 55441,Supplier 74432,652.0,False,"[0.0, 100.0, 185.0, 285.0, 355.0, 426.0, 467.0, 567.0, 652.0]","['Supplier 55441', 'Ssintship 10182', 'Supplier 94512', 'Internaltransactions 8826', 'Supplier 35841', 'Ssintship 6224', 'Supplier 86815', 'Ssintship 10009', 'Supplier 74432']"
184,1489,Supplier 55441,Customer 64070,667.0,False,"[0.0, 100.0, 185.0, 285.0, 355.0, 426.0, 467.0, 567.0, 667.0]","['Supplier 55441', 'Ssintship 10182', 'Supplier 94512', 'Internaltransactions 8826', 'Supplier 35841', 'Ssintship 6224', 'Supplier 86815', 'Externaltransactions 6628', 'Customer 64070']"
185,1495,Supplier 55441,Retailer 26336,668.5,False,"[0.0, 100.0, 185.0, 285.0, 355.0, 455.0, 525.0, 596.75, 668.5]","['Supplier 55441', 'Ssintship 10160', 'Supplier 43284', 'Internaltransactions 2715', 'Supplier 68814', 'Ssintship 2914', 'Supplier 10731', 'Srintship 8522', 'Retailer 26336']"
186,1501,Supplier 55441,Retailer 89362,677.5,False,"[0.0, 100.0, 170.0, 270.0, 340.0, 423.75, 477.5, 577.5, 677.5]","['Supplier 55441', 'Ssintship 10392', 'Supplier 13951', 'Ssintship 10350', 'Supplier 21232', 'Ssintship 10280', 'Supplier 11186', 'Srintship 4438', 'Retailer 89362']"
187,1512,Supplier 55441,Retailer 56575,692.5,False,"[0.0, 100.0, 170.0, 270.0, 355.0, 455.0, 525.0, 608.75, 692.5]","['Supplier 55441', 'Ssintship 10463', 'Supplier 30864', 'Ssintship 10482', 'Supplier 18952', 'Internaltransactions 6524', 'Supplier 96293', 'Srintship 6466', 'Retailer 56575']"
188,1514,Supplier 55441,Supplier 28873,695.0,False,"[0.0, 100.0, 185.0, 285.0, 355.0, 455.0, 525.0, 625.0, 695.0]","['Supplier 55441', 'Ssintship 10103', 'Supplier 24451', 'Ssintship 10195', 'Supplier 90942', 'Ssintship 7281', 'Supplier 52160', 'Ssintship 10466', 'Supplier 28873']"
189,1519,Supplier 55441,Customer 80020,698.0,False,"[0.0, 100.0, 170.0, 264.0, 328.0, 428.0, 498.0, 598.0, 698.0]","['Supplier 55441', 'Ssintship 10138', 'Supplier 65468', 'Ssintship 6881', 'Supplier 72315', 'Ssintship 4496', 'Supplier 77743', 'Scextship 8183', 'Customer 80020']"
190,1536,Supplier 55441,Retailer 83982,704.0,False,"[0.0, 89.5, 149.0, 249.0, 334.0, 434.0, 504.0, 604.0, 704.0]","['Supplier 55441', 'Ssintship 10400', 'Supplier 46894', 'Ssintship 10068', 'Supplier 70443', 'Ssintship 10261', 'Supplier 11790', 'Srintship 2887', 'Retailer 83982']"
191,1542,Supplier 55441,Retailer 82777,704.0,False,"[0.0, 89.5, 149.0, 249.0, 319.0, 419.0, 504.0, 604.0, 704.0]","['Supplier 55441', 'Ssintship 10400', 'Supplier 46894', 'Ssintship 10045', 'Supplier 11283', 'Internaltransactions 7344', 'Supplier 21166', 'Srintship 9456', 'Retailer 82777']"
192,1564,Supplier 55441,Customer 63285,709.0,False,"[0.0, 89.5, 149.0, 249.0, 339.0, 439.0, 509.0, 609.0, 709.0]","['Supplier 55441', 'Ssintship 10400', 'Supplier 46894', 'Ssintship 10423', 'Supplier 27057', 'Internaltransactions 8356', 'Supplier 54921', 'Externaltransactions 9153', 'Customer 63285']"
193,1605,Supplier 55441,Customer 17040,725.0,False,"[0.0, 100.0, 170.0, 270.0, 355.0, 455.0, 525.0, 625.0, 725.0]","['Supplier 55441', 'Ssintship 10463', 'Supplier 30864', 'Ssintship 10482', 'Supplier 18952', 'Internaltransactions 3277', 'Supplier 19878', 'Externaltransactions 1796', 'Customer 17040']"
194,1608,Supplier 55441,Customer 85709,725.0,False,"[0.0, 100.0, 170.0, 270.0, 340.0, 440.0, 525.0, 625.0, 725.0]","['Supplier 55441', 'Ssintship 10138', 'Supplier 65468', 'Internaltransactions 1132', 'Supplier 71574', 'Ssintship 7072', 'Supplier 43691', 'Externaltransactions 2285', 'Customer 85709']"
195,1622,Supplier 55441,Retailer 64571,725.0,False,"[0.0, 100.0, 185.0, 285.0, 355.0, 455.0, 525.0, 625.0, 725.0]","['Supplier 55441', 'Ssintship 10160', 'Supplier 43284', 'Internaltransactions 2715', 'Supplier 68814', 'Ssintship 2914', 'Supplier 10731', 'Srintship 9313', 'Retailer 64571']"
196,1637,Supplier 55441,Customer 22228,725.0,False,"[0.0, 100.0, 170.0, 270.0, 355.0, 455.0, 525.0, 625.0, 725.0]","['Supplier 55441', 'Ssintship 10463', 'Supplier 30864', 'Ssintship 10482', 'Supplier 18952', 'Internaltransactions 6524', 'Supplier 96293', 'Externaltransactions 6793', 'Customer 22228']"
197,1639,Supplier 55441,Retailer 41072,725.0,False,"[0.0, 100.0, 185.0, 285.0, 355.0, 455.0, 525.0, 625.0, 725.0]","['Supplier 55441', 'Ssintship 10103', 'Supplier 24451', 'Ssintship 10195', 'Supplier 90942', 'Ssintship 7281', 'Supplier 52160', 'Srintship 8010', 'Retailer 41072']"
198,1643,Supplier 55441,Customer 81331,725.0,False,"[0.0, 100.0, 170.0, 270.0, 355.0, 455.0, 525.0, 625.0, 725.0]","['Supplier 55441', 'Ssintship 10463', 'Supplier 30864', 'Ssintship 10482', 'Supplier 18952', 'Internaltransactions 3277', 'Supplier 19878', 'Externaltransactions 4235', 'Customer 81331']"
199,1653,Supplier 55441,Retailer 41879,728.5,False,"[0.0, 100.0, 170.0, 269.25, 338.5, 438.5, 528.5, 628.5, 728.5]","['Supplier 55441', 'Ssintship 10463', 'Supplier 30864', 'Ssintship 10324', 'Supplier 75444', 'Internaltransactions 9221', 'Supplier 19072', 'Srintship 2067', 'Retailer 41879']"
200,1656,Supplier 55441,Retailer 66663,730.0,False,"[0.0, 100.0, 170.0, 270.0, 340.0, 440.0, 530.0, 630.0, 730.0]","['Supplier 55441', 'Ssintship 10138', 'Supplier 65468', 'Ssintship 10249', 'Supplier 16265', 'Ssintship 8070', 'Supplier 46942', 'Srintship 1451', 'Retailer 66663']"
201,1674,Supplier 55441,Customer 81529,730.0,False,"[0.0, 100.0, 170.0, 270.0, 340.0, 440.0, 530.0, 630.0, 730.0]","['Supplier 55441', 'Ssintship 10138', 'Supplier 65468', 'Ssintship 10249', 'Supplier 16265', 'Ssintship 8070', 'Supplier 46942', 'Externaltransactions 6912', 'Customer 81529']"
202,1688,Supplier 55441,Customer 81997,740.0,False,"[0.0, 100.0, 185.0, 285.0, 355.0, 455.0, 540.0, 640.0, 740.0]","['Supplier 55441', 'Ssintship 10182', 'Supplier 94512', 'Internaltransactions 8826', 'Supplier 35841', 'Internaltransactions 7076', 'Supplier 70050', 'Externaltransactions 5442', 'Customer 81997']"
203,1725,Supplier 55441,Retailer 49955,755.0,False,"[0.0, 100.0, 185.0, 285.0, 370.0, 470.0, 555.0, 655.0, 755.0]","['Supplier 55441', 'Ssintship 10103', 'Supplier 24451', 'Ssintship 10128', 'Supplier 40597', 'Internaltransactions 6661', 'Supplier 92698', 'Srintship 5025', 'Retailer 49955']"
204,1726,Supplier 55441,Customer 63407,755.0,False,"[0.0, 100.0, 185.0, 285.0, 370.0, 470.0, 555.0, 655.0, 755.0]","['Supplier 55441', 'Ssintship 10103', 'Supplier 24451', 'Ssintship 10128', 'Supplier 40597', 'Internaltransactions 6661', 'Supplier 92698', 'Externaltransactions 9808', 'Customer 63407']"
205,1729,Supplier 55441,Customer 21113,755.0,False,"[0.0, 100.0, 185.0, 285.0, 355.0, 455.0, 555.0, 655.0, 755.0]","['Supplier 55441', 'Ssintship 10160', 'Supplier 43284', 'Ssintship 10468', 'Supplier 15367', 'Srintship 4556', 'Retailer 94027', 'Rcextship 6650', 'Customer 21113']"
206,1736,Supplier 55441,Customer 12717,770.0,False,"[0.0, 100.0, 185.0, 285.0, 370.0, 470.0, 570.0, 670.0, 770.0]","['Supplier 55441', 'Ssintship 10103', 'Supplier 24451', 'Ssintship 10128', 'Supplier 40597', 'Srintship 6843', 'Retailer 31412', 'Rcextship 1264', 'Customer 12717']"
207,1737,Supplier 55441,Customer 21156,780.5,False,"[0.0, 100.0, 185.0, 285.0, 355.0, 426.0, 467.0, 567.0, 637.0, 708.75, 780.5]","['Supplier 55441', 'Ssintship 10182', 'Supplier 94512', 'Internaltransactions 8826', 'Supplier 35841', 'Ssintship 6224', 'Supplier 86815', 'Internaltransactions 5792', 'Supplier 23640', 'Scextship 2269', 'Customer 21156']"
208,1738,Supplier 55441,Retailer 73217,789.5,False,"[0.0, 100.0, 185.0, 285.0, 355.0, 426.0, 467.0, 567.0, 652.0, 720.75, 789.5]","['Supplier 55441', 'Ssintship 10182', 'Supplier 94512', 'Internaltransactions 8826', 'Supplier 35841', 'Ssintship 6224', 'Supplier 86815', 'Ssintship 10009', 'Supplier 74432', 'Srintship 2742', 'Retailer 73217']"
209,1755,Supplier 55441,Customer 70649,821.0,False,"[0.0, 100.0, 185.0, 254.25, 308.5, 408.5, 498.5, 574.75, 621.0, 721.0, 821.0]","['Supplier 55441', 'Ssintship 10103', 'Supplier 24451', 'Ssintship 10072', 'Supplier 76443', 'Internaltransactions 8718', 'Supplier 36985', 'Ssintship 10293', 'Supplier 46204', 'Scextship 3429', 'Customer 70649']"
210,1768,Supplier 55441,Customer 85900,837.0,False,"[0.0, 100.0, 185.0, 285.0, 355.0, 426.0, 467.0, 567.0, 637.0, 737.0, 837.0]","['Supplier 55441', 'Ssintship 10182', 'Supplier 94512', 'Internaltransactions 8826', 'Supplier 35841', 'Ssintship 6224', 'Supplier 86815', 'Internaltransactions 5792', 'Supplier 23640', 'Scextship 4413', 'Customer 85900']"
211,1786,Supplier 55441,Customer 33736,895.0,False,"[0.0, 100.0, 185.0, 285.0, 355.0, 455.0, 525.0, 625.0, 695.0, 795.0, 895.0]","['Supplier 55441', 'Ssintship 10103', 'Supplier 24451', 'Ssintship 10195', 'Supplier 90942', 'Ssintship 7281', 'Supplier 52160', 'Ssintship 10466', 'Supplier 28873', 'Scextship 2490', 'Customer 33736']"
212,1790,Supplier 55441,Customer 14142,904.0,False,"[0.0, 89.5, 149.0, 249.0, 334.0, 434.0, 504.0, 604.0, 704.0, 804.0, 904.0]","['Supplier 55441', 'Ssintship 10400', 'Supplier 46894', 'Ssintship 10068', 'Supplier 70443', 'Ssintship 10261', 'Supplier 11790', 'Srintship 2887', 'Retailer 83982', 'Rcextship 8708', 'Customer 14142']"
213,1792,Supplier 55441,Customer 31548,904.0,False,"[0.0, 89.5, 149.0, 249.0, 334.0, 434.0, 504.0, 604.0, 704.0, 804.0, 904.0]","['Supplier 55441', 'Ssintship 10400', 'Supplier 46894', 'Ssintship 10068', 'Supplier 70443', 'Ssintship 10261', 'Supplier 11790', 'Srintship 2887', 'Retailer 83982', 'Rcextship 1248', 'Customer 31548']"
