,Label,ID,Attributes
300,supplier,34258,"['Taylor PLC' ""Lao People's Democratic Republic"" 'Viangchan' 'Dollars'
 'Financial Services' 446 465.22 5565 48 597000000000.0]"
301,supplier,40868,"['Sorrentino SPA' 'Mozambique' 'Gaza' 'Dollars' 'Real Estate' 533 8881.74
 1871 98 917000000000.0]"
302,supplier,27813,"['Persico e figli' 'Saint Martin (French part)' 'Unknown' 'Dollars'
 'Paper, Forest Products & Packaging' 578 58.99 8611 9 698000000000.0]"
303,supplier,57551,"['Karge OHG mbH' 'Brunei Darussalam' 'Belait' 'Dollars' 'Oil & Gas' 145
 3.35 4320 41 879000000000.0]"
304,supplier,50099,"['Smith, Porter and Lynch' 'Palau' 'Ngatpang' 'Dollars'
 'Automotive & Assembly' 872 8.39 2090 78 605000000000.0]"
305,supplier,68240,"['Mary Breton S.A.' 'Iran, Islamic Republic of' 'Āz̄ārbāyjān-e Shārqī'
 'Ngultrum' 'Life Sciences' 278 246.17 3731 28 671000000000.0]"
306,supplier,46204,"['Renner' 'Guinea-Bissau' 'Sul' 'Dollars' 'Metals & Mining' 202 4.71 7360
 4 360000000000.0]"
307,supplier,44351,"['Collins Inc' 'Czechia' 'Prachatice' 'Dollars' 'Advanced Electronics' 912
 6222.61 4121 74 432000000000.0]"
308,supplier,43284,"['Lombard et Fils' 'Romania' 'Brașov' 'Dollars' 'Retail' 525 6.18 6336 86
 251000000000.0]"
309,supplier,47804,"['Mattarella, Chiappetta e Farinelli Group' 'Monaco' 'Vallon de la Rousse'
 'Dollars' 'Public & Social Sector' 522 178.37 9266 91 960000000000.0]"
310,supplier,61874,"['Agnesi-Donatoni e figli' 'Suriname' 'Paramaribo' 'Dollars' 'Oil & Gas'
 498 3.51 7503 23 288000000000.0]"
311,supplier,10161,"['Marchand Salmon et Fils' 'Iceland' 'Rangárþing eystra' 'Dollars'
 'Technology, Media & Telecommunications' 706 450.56 8872 6 73010024548.0]"
312,supplier,27880,"['Faust Gierschner GmbH & Co. KG' 'French Southern Territories' 'Unknown'
 'Dollars' 'Oil & Gas' 711 9.61 6063 42 496000000000.0]"
313,supplier,58199,"['Müller' 'Antigua and Barbuda' 'Saint Peter' 'Dollars'
 'Technology, Media & Telecommunications' 920 4274.6 8637 93
 868000000000.0]"
314,supplier,75581,"['Giulietti, Casaleggio e Nibali e figli' 'Lebanon' 'An Nabaţīyah'
 'Dollars' 'Metals & Mining' 794 40.52 9856 92 948000000000.0]"
315,supplier,89467,"['Langern' 'Qatar' 'Umm Şalāl' 'Dollars'
 'Engineering, Construction & Building Materials' 344 1.14 1502 44
 437000000000.0]"
316,supplier,61433,"['Ginesio-Majewski e figli' 'Marshall Islands' 'Likiep' 'Dollars'
 'Electric Power & Natural Gas' 362 650.1 6018 27 920000000000.0]"
317,supplier,57453,"['Wong PLC' 'Russian Federation' 'Altajskij kraj' 'Dollars'
 'Technology, Media & Telecommunications' 337 4386.47 7968 79
 407000000000.0]"
318,supplier,77332,"['Fischer' 'Saint Lucia' 'Choiseul' 'Dollars'
 'Electric Power & Natural Gas' 314 99.1 3207 94 991000000000.0]"
319,supplier,70443,"['Tamburini-Endrizzi Group' 'Åland Islands' 'Unknown' 'Dollars'
 'Travel, Logistics & Infrastructure' 225 48.46 7592 69 943000000000.0]"
320,supplier,85351,"['Bohnbach Schulz GmbH & Co. OHG' 'Brazil' 'Piauí' 'Dollars'
 'Electric Power & Natural Gas' 320 94.75 2613 43 762000000000.0]"
321,supplier,29277,"['Ortmann Eigenwillig GbR' 'Cook Islands' 'Unknown' 'Dollars'
 'Technology, Media & Telecommunications' 630 936.91 8268 69
 778000000000.0]"
322,supplier,97749,"['Daniels and Sons' 'French Southern Territories' 'Unknown' 'Dollars'
 'Retail' 531 48.35 3181 20 463000000000.0]"
323,supplier,93661,"['Mastandrea, Faranda e Crispi SPA' 'Ecuador' 'Sucumbíos' 'Dollars'
 'Consumer Packaged Goods' 768 520.91 3030 32 576000000000.0]"
324,supplier,47339,"['Parent Boulanger S.A.' 'Colombia' 'Cauca' 'Dollars'
 'Travel, Logistics & Infrastructure' 684 96.64 6011 59 90469483609.0]"
325,supplier,26090,"['Lange GmbH' 'Algeria' 'Tamanrasset' 'Dollars'
 'Electric Power & Natural Gas' 935 9.31 7225 1 322000000000.0]"
326,supplier,17977,"['Reynaud' 'Yemen' 'Ḩaḑramawt' 'Dollars' 'Chemicals' 813 3851.88 4098 53
 837000000000.0]"
327,supplier,68081,"['Garcia-Garcia' 'Madagascar' 'Antsiranana' 'Dollars'
 'Electric Power & Natural Gas' 830 6.54 4668 93 247000000000.0]"
328,supplier,83468,"['Couturier' 'Ireland' 'Louth' 'Dollars' 'Chemicals' 430 8920.61 2771 14
 593000000000.0]"
329,supplier,65468,"['Devaux SARL' 'Georgia' 'Samtskhe-Javakheti' 'Dollars' 'Chemicals' 211
 395.56 6002 12 291000000000.0]"
330,supplier,35841,"['Richard' 'Austria' 'Tirol' 'Dollars' 'Consumer Packaged Goods' 184 71.56
 4777 32 269000000000.0]"
331,supplier,27896,"['Taylor, Rees and Burke' 'Samoa' ""Gaga'emauga"" 'Dollars'
 'Metals & Mining' 554 265.88 6696 55 734000000000.0]"
332,supplier,19974,"['Legendre' 'Hungary' 'Kaposvár' 'Dollars' 'Public & Social Sector' 369
 9.33 1204 19 77674664573.0]"
333,supplier,63319,"['Donati e figli' 'Djibouti' 'Ali Sabieh' 'Dollars' 'Education' 731 65.25
 6910 2 106000000000.0]"
334,supplier,58047,"['Sanders-Yoder' 'Cook Islands' 'Unknown' 'Dollars'
 'Engineering, Construction & Building Materials' 358 126.5 1459 15
 85648381584.0]"
335,supplier,55441,"['Boezio, Galvani e Mazzeo Group' 'Argentina' 'Neuquén' 'Dollars'
 'Agriculture' 429 548.43 2247 55 259000000000.0]"
336,supplier,69142,"['Fisher-Wright' 'Chad' 'Madīnat Injamīnā' 'Dollars'
 'Public & Social Sector' 660 9348.77 7618 7 326000000000.0]"
337,supplier,29604,"['Frazier-Snyder' 'Thailand' 'Kalasin' 'Dollars' 'Agriculture' 751 8462.13
 3844 16 219000000000.0]"
338,supplier,22560,"['Bernini-Mascheroni s.r.l.' 'Japan' 'Fukui' 'Dollars'
 'Consumer Packaged Goods' 332 2.41 2230 52 916000000000.0]"
339,supplier,74660,"['Niemeier Käster AG' 'Argentina' 'Santa Fe' 'Dollars' 'Retail' 227 1.5
 8102 89 754000000000.0]"
340,supplier,47093,"['Garnier S.A.' 'France' 'Gironde' 'Dollars'
 'Engineering, Construction & Building Materials' 713 94.16 1244 92
 576000000000.0]"
341,supplier,58976,"['Murray-Lowe' 'Jamaica' 'Saint Andrew' 'Dollars' 'Retail' 248 5077.25
 2848 41 13261847684.0]"
342,supplier,27107,"['Loiseau' 'Indonesia' 'Jawa Tengah' 'Dollars'
 'Electric Power & Natural Gas' 263 7.49 4483 62 560000000000.0]"
343,supplier,11283,"['Godard' 'United States Minor Outlying Islands' 'Wake Island' 'Dollars'
 'Healthcare Systems & Services' 382 518.82 7902 43 993000000000.0]"
344,supplier,63113,"['Ajello, Pavanello e Vasari e figli' 'Afghanistan' 'Baghlān' 'Dollars'
 'Technology, Media & Telecommunications' 109 448.29 5809 97
 744000000000.0]"
345,supplier,24741,"['Lange' 'Ghana' 'Bono' 'Dollars'
 'Engineering, Construction & Building Materials' 199 411.41 4001 24
 801000000000.0]"
346,supplier,67421,"['Bourgeois Guillaume S.A.R.L.' 'Gabon' 'Nyanga' 'Dollars'
 'Electric Power & Natural Gas' 585 62.64 7382 57 871000000000.0]"
347,supplier,43691,"['Legros' 'Chad' 'Borkou' 'Dollars' 'Life Sciences' 505 423.94 5206 90
 534000000000.0]"
348,supplier,18952,"['Calvo-Satriani e figli' 'Bahamas' 'Spanish Wells' 'Dollars'
 'Semiconductors' 212 1080.19 2108 97 425000000000.0]"
349,supplier,64251,"['Parker, Golden and Vasquez' 'Tonga' ""Ha'apai"" 'Dollars'
 'Travel, Logistics & Infrastructure' 958 285.39 6012 71 372000000000.0]"
350,supplier,71819,"['Hale-Robinson' 'Sint Maarten (Dutch part)' 'Unknown' 'Dollars'
 'Consumer Packaged Goods' 143 67.7 9620 67 737000000000.0]"
351,supplier,24646,"['Thanel Schlosser AG & Co. KG' 'American Samoa' 'Unknown' 'Dollars'
 'Private Equity & Principal Investors' 666 8.58 6375 52 564000000000.0]"
352,supplier,72315,"['Phillips and Sons' 'Argentina' 'Tierra del Fuego' 'Dollars'
 'Aerospace & Defense' 682 5.35 3930 33 321000000000.0]"
353,supplier,56382,"['Campbell LLC' 'Antigua and Barbuda' 'Saint Philip' 'Dollars' 'Retail'
 911 6854.47 7625 4 972000000000.0]"
354,supplier,31532,"['Williams-Carter' 'Seychelles' 'Au Cap' 'Dollars'
 'Private Equity & Principal Investors' 200 73.33 5919 65 726000000000.0]"
355,supplier,33037,"['Schinke' 'Saint Pierre and Miquelon' 'Unknown' 'Dollars' 'Retail' 568
 7.65 5517 77 96739764422.0]"
356,supplier,13951,"['Santoro-Bignami SPA' 'Belize' 'Belize' 'Dollars' 'Oil & Gas' 569 20.98
 5075 26 98321109644.0]"
357,supplier,88882,"['Copeland, Briggs and Taylor' 'French Guiana' 'Unknown' 'Dollars'
 'Real Estate' 133 464.75 1036 1 987000000000.0]"
358,supplier,18141,"['Röhrdanz AG & Co. KG' 'Zambia' 'North-Western' 'Dollars'
 'Public & Social Sector' 123 317.36 6687 88 562000000000.0]"
359,supplier,73593,"['Simon Dijoux SA' 'French Guiana' 'Unknown' 'Dollars'
 'Aerospace & Defense' 956 7.48 4612 30 294000000000.0]"
360,supplier,92416,"['Tonisto s.r.l.' 'Niue' 'Unknown' 'Dollars' 'Life Sciences' 221 5396.52
 6068 65 215000000000.0]"
361,supplier,73487,"['Bishop Ltd' 'Italy' 'Marche' 'Dollars' 'Metals & Mining' 455 8.57 8447
 51 240000000000.0]"
362,supplier,99762,"['Hammond Inc' 'Netherlands' 'Saba' 'Dollars' 'Real Estate' 762 40.24 5322
 77 534000000000.0]"
363,supplier,86815,"['Giorgetti-Rossetti SPA' 'Equatorial Guinea' 'Bioko Sud' 'Dollars'
 'Technology, Media & Telecommunications' 269 180.97 8566 46
 358000000000.0]"
364,supplier,53699,"['Köster Walter GmbH & Co. KGaA' 'Niger' 'Diffa' 'Dollars' 'Real Estate'
 751 3.8 2347 12 65711062011.0]"
365,supplier,41898,"['Gray, Walsh and Martin' 'Bouvet Island' 'Unknown' 'Dollars'
 'Agriculture' 359 506.12 1114 16 181000000000.0]"
366,supplier,13889,"['John PLC' 'Benin' 'Alibori' 'Dollars' 'Public & Social Sector' 514 90.57
 5223 37 559000000000.0]"
367,supplier,21166,"['Martin, Ross and Doyle' 'Gabon' 'Ogooué-Maritime' 'Dollars'
 'Advanced Electronics' 596 168.81 7106 97 827000000000.0]"
368,supplier,52544,"['Baglioni e figli' 'Bolivia, Plurinational State of' 'Pando' 'Dollars'
 'Semiconductors' 443 50.79 5317 68 852000000000.0]"
369,supplier,68120,"['Humbert et Fils' 'Holy See (Vatican City State)' 'Unknown' 'Dollars'
 'Financial Services' 392 9626.27 8629 3 286000000000.0]"
370,supplier,14125,"['Dörschner Naser GmbH' 'Bonaire, Sint Eustatius and Saba' 'Saba'
 'Dollars' 'Healthcare Systems & Services' 195 649.86 6139 64
 854000000000.0]"
371,supplier,12548,"['Whitehead, Morris and Chan' 'Somalia' 'Shabeellaha Hoose' 'Dollars'
 'Education' 745 35.61 9702 40 56583264482.0]"
372,supplier,30692,"['Parsons-Miles' 'Saint Barthélemy' 'Unknown' 'Dollars'
 'Aerospace & Defense' 949 76.43 6981 86 89700080724.0]"
373,supplier,31934,"['Brown Group' 'Wallis and Futuna' 'Alo' 'Dollars' 'Financial Services'
 814 4.51 4480 49 319000000000.0]"
374,supplier,91465,"['Davis LLC' 'Marshall Islands' 'Enewetak & Ujelang' 'Dollars'
 'Automotive & Assembly' 582 756.6 8797 3 181000000000.0]"
375,supplier,81423,"['Eco s.r.l.' 'Bouvet Island' 'Unknown' 'Dollars' 'Aerospace & Defense'
 276 4.17 6658 69 345000000000.0]"
376,supplier,82768,"['Argan-Montesano Group' 'Grenada' 'Saint George' 'Dollars'
 'Consumer Packaged Goods' 982 53.66 4186 17 31804971061.0]"
377,supplier,32829,"['Le Roux Faure et Fils' 'Kuwait' 'Al ‘Āşimah' 'Dollars' 'Chemicals' 885
 51.31 5063 54 597000000000.0]"
378,supplier,39180,"['Lebon S.A.R.L.' 'Australia' 'Queensland' 'Dollars' 'Agriculture' 616
 350.95 9886 69 820000000000.0]"
379,supplier,55787,"['Gröttner Stahr KG' 'Saint Vincent and the Grenadines' 'Saint David'
 'Dollars' 'Advanced Electronics' 981 781.93 2736 92 154000000000.0]"
380,supplier,11770,"['Fantoni-Pareto SPA' 'Eritrea' 'Debubawi K’eyyĭḥ Baḥri' 'Dollars'
 'Semiconductors' 687 5786.51 5156 97 222000000000.0]"
381,supplier,75444,"['Schacht KGaA' 'Argentina' 'La Pampa' 'Dollars'
 'Electric Power & Natural Gas' 565 122.57 7540 14 369000000000.0]"
382,supplier,12179,"['Ferrand Lefebvre SARL' 'Saint Vincent and the Grenadines' 'Saint David'
 'Dollars' 'Advanced Electronics' 397 98.99 7296 100 445000000000.0]"
383,supplier,12547,"['Eberhardt Ortmann GmbH & Co. KG' 'Mali' 'Ségou' 'Dollars' 'Real Estate'
 652 455.91 1848 24 524000000000.0]"
384,supplier,46676,"['Davies Group' 'Seychelles' 'Takamaka' 'Dollars'
 'Healthcare Systems & Services' 184 8646.2 3217 74 333000000000.0]"
385,supplier,89745,"['Stoll' 'New Caledonia' 'Unknown' 'Dollars' 'Metals & Mining' 168 68.59
 5767 8 290000000000.0]"
386,supplier,46615,"['Brown, Roberts and Williams' 'Moldova, Republic of' 'Călărași' 'Dollars'
 'Semiconductors' 510 2.99 6535 91 887000000000.0]"
387,supplier,42065,"['Hayward Inc' 'Sint Maarten (Dutch part)' 'Unknown' 'Dollars'
 'Healthcare Systems & Services' 826 8071.9 5073 63 304000000000.0]"
388,supplier,18262,"['Davies, Anderson and Lewis' 'Saint Lucia' 'Soufrière' 'Dollars'
 'Semiconductors' 623 3039.43 1257 29 220000000000.0]"
389,supplier,24451,"['Knapp-Lynch' 'Kuwait' 'Mubārak al Kabīr' 'Dollars'
 'Electric Power & Natural Gas' 621 629.46 7584 79 458000000000.0]"
390,supplier,64604,"['Jennings-Richards' 'Croatia' 'Varaždinska županija' 'Dollars'
 'Real Estate' 324 22.57 3816 80 431000000000.0]"
391,supplier,46995,"['Moore-Wright' 'Sao Tome and Principe' 'Lembá' 'Dollars'
 'Advanced Electronics' 726 994.68 1889 34 984000000000.0]"
392,supplier,49681,"['Barbe' 'Gibraltar' 'Unknown' 'Dollars' 'Metals & Mining' 791 4938.68
 3287 5 144000000000.0]"
393,supplier,86580,"['Carlier Bernard SARL' 'Grenada' 'Saint George' 'Dollars'
 'Metals & Mining' 659 1156.14 4041 31 81400493131.0]"
394,supplier,97142,"['Pietrangeli SPA' 'Belize' 'Belize' 'Dollars'
 'Paper, Forest Products & Packaging' 542 30.38 6518 38 507000000000.0]"
395,supplier,63322,"['Ernst' 'Guinea' 'Télimélé' 'Dollars' 'Metals & Mining' 941 948.26 4995
 17 991000000000.0]"
396,supplier,90272,"['Tarantino, Monaco e Stefanelli e figli' 'Myanmar' 'Tanintharyi'
 'Dollars' 'Real Estate' 817 4.19 9939 59 67351662587.0]"
397,supplier,92698,"['Pedroni s.r.l.' 'Antigua and Barbuda' 'Barbuda' 'Dollars' 'Oil & Gas'
 656 8.45 1477 71 757000000000.0]"
398,supplier,14522,"['Charrier' 'Paraguay' 'Caaguazú' 'Dollars' 'Agriculture' 453 7268.14 1715
 91 108000000000.0]"
399,supplier,23557,"['Techer S.A.S.' 'Lesotho' ""Qacha's Nek"" 'Dollars' 'Advanced Electronics'
 766 8.97 8687 56 893000000000.0]"
400,supplier,60591,"['Garcia' 'French Southern Territories' 'Unknown' 'Dollars'
 'Technology, Media & Telecommunications' 886 5.25 9836 26 341000000000.0]"
401,supplier,38265,"['Borromini, Ginesio e Tirabassi Group' 'Bhutan' 'Samdrup Jongkhar'
 'Dollars' 'Oil & Gas' 422 37.16 2854 62 338000000000.0]"
402,supplier,55648,"['Scalfaro, Spinola e Alfieri Group' 'Antigua and Barbuda' 'Saint Mary'
 'Dollars' 'Electric Power & Natural Gas' 728 9645.18 8829 65
 333000000000.0]"
403,supplier,71574,"['Weller' 'Brazil' 'Mato Grosso' 'Dollars' 'Oil & Gas' 263 1.33 3938 13
 122000000000.0]"
404,supplier,71916,"['Wirth AG' 'Afghanistan' 'Bādghīs' 'Dollars'
 'Healthcare Systems & Services' 988 7903.53 1873 44 168000000000.0]"
405,supplier,76443,"['Duval' 'Malaysia' 'Terengganu' 'Dollars' 'Life Sciences' 326 85.56 5683
 69 858000000000.0]"
406,supplier,96293,"['Thomas-Stevens' 'Nauru' 'Uaboe' 'Dollars' 'Semiconductors' 586 1.1 7895
 3 699000000000.0]"
407,supplier,60393,"['Baron' 'Bahamas' 'Ragged Island' 'Dollars'
 'Electric Power & Natural Gas' 757 903.42 2264 56 719000000000.0]"
408,supplier,13540,"['Scott-Miller' 'Tuvalu' 'Nukufetau' 'Dollars' 'Consumer Packaged Goods'
 765 113.23 1799 98 18982761777.0]"
409,supplier,16601,"['Krein Schaaf Stiftung & Co. KGaA' 'Comoros' 'Andjouân' 'Dollars'
 'Automotive & Assembly' 896 466.3 9846 92 195000000000.0]"
410,supplier,98981,"['Calarco, Gregori e Lopresti Group' 'United Arab Emirates' 'Al Fujayrah'
 'Dollars' 'Financial Services' 844 6.45 1374 98 596000000000.0]"
411,supplier,13283,"['Melendez-Williams' 'Congo' 'Bouenza' 'Dollars' 'Aerospace & Defense' 680
 792.86 6739 10 838000000000.0]"
412,supplier,12748,"['Dossetti, Sobrero e Padovano SPA' 'Liberia' 'Grand Bassa' 'Dollars'
 'Life Sciences' 294 7.32 9449 88 676000000000.0]"
413,supplier,51293,"['Cusano s.r.l.' 'Niue' 'Unknown' 'Dollars'
 'Paper, Forest Products & Packaging' 402 107.13 4671 75 735000000000.0]"
414,supplier,61570,"['Morris PLC' 'Afghanistan' 'Paktiyā' 'Dollars'
 'Paper, Forest Products & Packaging' 229 342.72 8971 24 412000000000.0]"
415,supplier,55515,"['Price, Carroll and Cook' 'Oman' 'Shamāl al Bāţinah' 'Dollars'
 'Metals & Mining' 633 9383.99 8260 15 372000000000.0]"
416,supplier,46942,"['Monduzzi-Pellico Group' 'Greenland' 'Qeqqata Kommunia' 'Dollars'
 'Paper, Forest Products & Packaging' 751 9611.85 9922 85 679000000000.0]"
417,supplier,13362,"['Martin, Summers and Edwards' 'Dominican Republic' 'Peravia' 'Dollars'
 'Financial Services' 550 2505.77 1288 44 260000000000.0]"
418,supplier,11513,"['Cohen' 'Antarctica' 'Unknown' 'Dollars'
 'Travel, Logistics & Infrastructure' 709 964.4 5343 87 978000000000.0]"
419,supplier,78265,"['Karge GmbH & Co. KG' 'Sao Tome and Principe' 'Água Grande' 'Dollars'
 'Metals & Mining' 172 943.46 7289 41 321000000000.0]"
420,supplier,76088,"['Römer GmbH' 'Belgium' 'Limburg' 'Dollars' 'Metals & Mining' 687 310.85
 3574 15 645000000000.0]"
421,supplier,52578,"['Morin S.A.S.' 'Costa Rica' 'Guanacaste' 'Dollars'
 'Travel, Logistics & Infrastructure' 606 3.89 4869 79 436000000000.0]"
422,supplier,85924,"['Bertrand' 'Sao Tome and Principe' 'Lembá' 'Dollars' 'Real Estate' 437
 3.52 2494 58 353000000000.0]"
423,supplier,71597,"['Roccabonella-Lamborghini e figli' 'Guadeloupe' 'Unknown' 'Dollars'
 'Chemicals' 781 6.77 1925 13 636000000000.0]"
424,supplier,70050,"['Talbot-Smith' 'Belize' 'Stann Creek' 'Dollars' 'Retail' 403 734.96 9448
 96 246000000000.0]"
425,supplier,26533,"['Miller PLC' 'Northern Mariana Islands' 'Unknown' 'Dollars'
 'Consumer Packaged Goods' 244 7.79 5367 89 903000000000.0]"
426,supplier,90236,"['Schönland AG' 'United Arab Emirates' 'Al Fujayrah' 'Dollars'
 'Electric Power & Natural Gas' 481 8203.36 7561 82 408000000000.0]"
427,supplier,91409,"['Sauvage' 'Seychelles' 'Saint Louis' 'Dollars'
 'Engineering, Construction & Building Materials' 251 7287.92 9734 20
 226000000000.0]"
428,supplier,72631,"['Berger Kohl GmbH & Co. KGaA' 'Bosnia and Herzegovina' 'Republika Srpska'
 'Dollars' 'Consumer Packaged Goods' 161 69.39 5812 55 90745418271.0]"
429,supplier,33368,"['Sagese e figli' 'Slovakia' 'Nitriansky kraj' 'Dollars' 'Chemicals' 225
 7018.83 8297 10 549000000000.0]"
430,supplier,48580,"['Patel LLC' 'Moldova, Republic of' 'Călărași' 'Dollars' 'Oil & Gas' 941
 40.9 8036 81 493000000000.0]"
431,supplier,83378,"['Taylor Ltd' 'Thailand' 'Sing Buri' 'Dollars' 'Financial Services' 572
 352.29 8023 84 580000000000.0]"
432,supplier,68177,"['Davies, James and Singh' 'Central African Republic' 'Ouham-Pendé'
 'Dollars' 'Life Sciences' 892 867.8 6922 10 102000000000.0]"
433,supplier,21232,"['Wong, Garcia and Ford' 'Bermuda' 'Unknown' 'Dollars' 'Chemicals' 679
 6.66 4404 33 96977509746.0]"
434,supplier,68800,"['Williams-Armstrong' 'Spain' 'Valencia' 'Dollars' 'Education' 436 14.32
 9959 77 974000000000.0]"
435,supplier,42179,"['Casagrande e figli' 'Argentina' 'Tierra del Fuego' 'Dollars'
 'Semiconductors' 103 570.8 7126 100 467000000000.0]"
436,supplier,81015,"['Bohlander GbR' 'Georgia' ""Rach'a-Lechkhumi-Kvemo Svaneti"" 'Dollars'
 'Retail' 838 6828.48 6455 99 625000000000.0]"
437,supplier,72157,"['Salazar, Robinson and Williams' 'Antarctica' 'Unknown' 'Dollars'
 'Oil & Gas' 784 5.1 3620 40 439000000000.0]"
438,supplier,77743,"['Cianciolo, Leblanc e Petrucelli s.r.l.' 'Chad' 'Salamat' 'Dollars'
 'Retail' 666 1.49 2244 4 861000000000.0]"
439,supplier,23083,"['Rodriguez Inc' 'Egypt' 'Al Minyā' 'Dollars' 'Oil & Gas' 639 806.3 3681
 30 666000000000.0]"
440,supplier,83444,"['Henry Ledoux S.A.' 'Switzerland' 'Appenzell Ausserrhoden' 'Dollars'
 'Oil & Gas' 730 265.12 2796 87 361000000000.0]"
441,supplier,34582,"['West-Lane' 'Wallis and Futuna' 'Uvea' 'Dollars' 'Real Estate' 187
 8890.56 2421 77 947000000000.0]"
442,supplier,90059,"['Velez-Walker' 'Malawi' 'Dowa' 'Dollars' 'Healthcare Systems & Services'
 476 41.3 9287 30 633000000000.0]"
443,supplier,24401,"['Johnson-Gardner' 'Curaçao' 'Unknown' 'Dollars' 'Aerospace & Defense' 826
 18.29 3909 95 120000000000.0]"
444,supplier,41112,"['Iannotti, Abatantuono e Vecoli SPA' 'Gibraltar' 'Unknown' 'Dollars'
 'Private Equity & Principal Investors' 579 5658.14 8488 64 961000000000.0]"
445,supplier,59005,"['Allen PLC' 'Uruguay' 'Flores' 'Dollars'
 'Technology, Media & Telecommunications' 204 8.36 9952 7 631000000000.0]"
446,supplier,69003,"['Germano, Luxardo e Botta s.r.l.' 'Austria' 'Salzburg' 'Dollars' 'Retail'
 702 25.4 9626 96 621000000000.0]"
447,supplier,54218,"['Weaver, Fitzgerald and Anderson' 'Seychelles' 'Bel Air' 'Dollars'
 'Metals & Mining' 375 4015.65 9802 55 380000000000.0]"
448,supplier,61603,"['Giraud S.A.R.L.' 'Ireland' 'Munster' 'Dollars' 'Education' 332 5687.64
 9657 95 924000000000.0]"
449,supplier,72867,"['Roberts, Ramirez and Ellis' 'French Polynesia' 'Unknown' 'Dollars'
 'Healthcare Systems & Services' 324 2867.82 5928 92 426000000000.0]"
450,supplier,65204,"['Bolnbach Gorlitz AG' 'Russian Federation' ""Kaluzhskaya oblast'""
 'Dollars' 'Engineering, Construction & Building Materials' 863 48.58 6380
 67 659000000000.0]"
451,supplier,29185,"['Depero, Saragat e Ziani s.r.l.' 'Greece' 'Kentrikí Makedonía' 'Dollars'
 'Life Sciences' 740 809.68 8860 45 379000000000.0]"
452,supplier,80325,"['Söding' 'Bahamas' 'Central Andros' 'Dollars' 'Aerospace & Defense' 994
 87.14 9184 78 586000000000.0]"
453,supplier,10753,"['Tlustek' 'Romania' 'Călărași' 'Dollars' 'Life Sciences' 846 1305.3 3584
 67 264000000000.0]"
454,supplier,93778,"['Mcfarland-Gibson' 'Azerbaijan' 'Astara' 'Dollars'
 'Healthcare Systems & Services' 146 4.3 7277 90 956000000000.0]"
455,supplier,78843,"['Camilleri-Rubbia s.r.l.' 'Norway' 'Oslo' 'Dollars' 'Life Sciences' 879
 5.6 5727 46 849000000000.0]"
456,supplier,74432,"['Deschamps' 'Turkey' 'Balıkesir' 'Dollars' 'Public & Social Sector' 804
 8.34 3428 55 782000000000.0]"
457,supplier,29196,"['Hecker' ""Korea, Democratic People's Republic of"" 'Hwanghae-namdo'
 'Dollars' 'Semiconductors' 399 74.12 1958 77 37208678956.0]"
458,supplier,23640,"['Perez' 'Georgia' 'Imereti' 'Dollars' 'Oil & Gas' 711 31.2 6475 2
 697000000000.0]"
459,supplier,87916,"['Ball PLC' 'Japan' 'Tochigi' 'Dollars'
 'Paper, Forest Products & Packaging' 766 5.21 6855 40 797000000000.0]"
460,supplier,41099,"['Krein' 'Macao' 'Unknown' 'Dollars' 'Aerospace & Defense' 211 5.55 4738
 16 404000000000.0]"
461,supplier,80737,"['Humphreys, Roberts and Dean' 'Uruguay' 'Rivera' 'Dollars'
 'Technology, Media & Telecommunications' 622 90.55 1620 99 897000000000.0]"
462,supplier,54921,"['Villarreal and Sons' 'El Salvador' 'Chalatenango' 'Dollars'
 'Agriculture' 217 1164.21 8336 43 188000000000.0]"
463,supplier,57113,"['Dehmel GbR' 'Suriname' 'Nickerie' 'Dollars' 'Advanced Electronics' 146
 75.51 2720 85 72804181579.0]"
464,supplier,52160,"['Zorbach e.V.' 'Albania' 'Fier' 'Dollars' 'Healthcare Systems & Services'
 325 5.21 4600 19 164000000000.0]"
465,supplier,19878,"['Morales, Walker and Garcia' 'Bermuda' 'Unknown' 'Dollars'
 'Electric Power & Natural Gas' 960 10.98 3849 11 630000000000.0]"
466,supplier,81114,"['Junck Keudel AG' 'Gambia' 'North Bank' 'Dollars'
 'Private Equity & Principal Investors' 784 3575.62 2907 31 441000000000.0]"
467,supplier,68562,"['Cavalcanti e figli' 'Mayotte' 'Unknown' 'Dollars'
 'Travel, Logistics & Infrastructure' 758 95.71 2636 10 502000000000.0]"
468,supplier,20226,"['Merle' 'Bulgaria' 'Dobrich' 'Dollars' 'Chemicals' 829 11.89 9611 76
 765000000000.0]"
469,supplier,47070,"['Boyer' 'Northern Mariana Islands' 'Unknown' 'Dollars' 'Oil & Gas' 896
 1.47 1383 40 386000000000.0]"
470,supplier,36417,"['Webster Group' 'Switzerland' 'Aargau' 'Dollars' 'Metals & Mining' 238
 7924.26 9098 85 103000000000.0]"
471,supplier,36243,"['Togliatti, Segni e Carfagna s.r.l.' 'Azerbaijan' 'Sumqayıt' 'Dollars'
 'Paper, Forest Products & Packaging' 986 64.48 5152 83 423000000000.0]"
472,supplier,36985,"['De Sousa' 'Australia' 'New South Wales' 'Dollars'
 'Technology, Media & Telecommunications' 656 1698.49 2473 98
 971000000000.0]"
473,supplier,77189,"['Davis, Wilson and Strickland' 'Gabon' 'Moyen-Ogooué' 'Dollars'
 'Metals & Mining' 615 62.24 7435 63 377000000000.0]"
474,supplier,56104,"['Calbo e figli' 'Solomon Islands' 'Central' 'Dollars'
 'Technology, Media & Telecommunications' 680 78.92 4725 33 776000000000.0]"
475,supplier,54148,"['Riley, Harding and Johnson' 'Argentina' 'Misiones' 'Dollars'
 'Paper, Forest Products & Packaging' 969 9.92 3703 81 995000000000.0]"
476,supplier,79479,"['Trommler' 'Saint Kitts and Nevis' 'Saint Paul Capisterre' 'Dollars'
 'Healthcare Systems & Services' 698 27.91 9285 41 153000000000.0]"
477,supplier,30890,"['Monicelli-Bartoli Group' 'Haiti' 'Centre' 'Dollars'
 'Healthcare Systems & Services' 306 3398.8 9341 52 555000000000.0]"
478,supplier,81548,"['Iannotti s.r.l.' 'Sudan' 'Sennar' 'Dollars'
 'Paper, Forest Products & Packaging' 569 8.27 9080 67 519000000000.0]"
479,supplier,48251,"['Lucarelli-Borsellino s.r.l.' 'Saint Lucia' 'Canaries' 'Dollars'
 'Aerospace & Defense' 611 374.27 5814 84 658000000000.0]"
480,supplier,85572,"['Iannucci-Gualandi SPA' 'Martinique' 'Unknown' 'Dollars'
 'Financial Services' 353 9.94 3057 27 121000000000.0]"
481,supplier,90456,"['Johnston-Jones' 'Papua New Guinea' 'Milne Bay' 'Dollars' 'Real Estate'
 665 5778.26 8166 55 846000000000.0]"
482,supplier,58421,"['Tacchini, Cilibrasi e Panicucci s.r.l.' 'Virgin Islands, U.S.' 'Unknown'
 'Dollars' 'Real Estate' 317 353.76 8773 50 869000000000.0]"
483,supplier,25123,"['Hamann Benthin Stiftung & Co. KGaA' 'Belize' 'Corozal' 'Dollars'
 'Oil & Gas' 725 9.42 2750 98 740000000000.0]"
484,supplier,74318,"['Hart Inc' 'Uganda' 'Mpigi' 'Dollars' 'Healthcare Systems & Services' 159
 658.93 7009 100 941000000000.0]"
485,supplier,66206,"['Gramsci SPA' ""Côte d'Ivoire"" 'Savanes' 'Dollars' 'Aerospace & Defense'
 914 4.12 6136 54 531000000000.0]"
486,supplier,84844,"['Fornaciari-Cristoforetti SPA' 'Peru' 'Moquegua' 'Dollars'
 'Public & Social Sector' 232 248.58 5956 47 117000000000.0]"
487,supplier,47789,"['Bouvet Paris SARL' 'Cameroon' 'West' 'Dollars' 'Consumer Packaged Goods'
 436 9.11 6201 80 959000000000.0]"
488,supplier,68357,"['Fields, Mathis and Ross' 'Romania' 'Brașov' 'Dollars' 'Retail' 983
 3096.12 6612 40 279000000000.0]"
489,supplier,54953,['Riou' 'Fiji' 'Ra' 'Dollars' 'Oil & Gas' 191 23.72 8884 3 22589653442.0]
490,supplier,46070,"['Tedesco Group' 'Madagascar' 'Toamasina' 'Dollars' 'Real Estate' 815
 8682.88 9822 83 920000000000.0]"
491,supplier,75482,"['Cooper-Price' 'Bosnia and Herzegovina' 'Brčko distrikt' 'Dollars'
 'Healthcare Systems & Services' 548 1.43 3819 5 997000000000.0]"
492,supplier,77683,"['Ebert' 'Grenada' 'Saint David' 'Dollars'
 'Paper, Forest Products & Packaging' 693 1.53 6260 27 660000000000.0]"
493,supplier,70468,"['Giammusso SPA' 'Georgia' 'Samtskhe-Javakheti' 'Dollars'
 'Financial Services' 344 7028.92 1247 66 986000000000.0]"
494,supplier,38957,"['Lejeune' 'Western Sahara' 'Unknown' 'Dollars' 'Life Sciences' 466 5.71
 9117 46 356000000000.0]"
495,supplier,73575,"['Foley Inc' 'Réunion' 'Unknown' 'Dollars' 'Retail' 365 6586.89 2080 74
 278000000000.0]"
496,supplier,75434,"['Medina-Williams' 'Solomon Islands' 'Rennell and Bellona' 'Dollars'
 'Retail' 972 4.99 9295 63 355000000000.0]"
497,supplier,80991,"['Oneal-Young' ""Côte d'Ivoire"" 'Comoé' 'Dollars'
 'Paper, Forest Products & Packaging' 330 8114.81 4692 33 289000000000.0]"
498,supplier,45056,"['Dehmel Birnbaum AG' 'Malta' 'Birgu' 'Dollars' 'Financial Services' 650
 2.21 9988 58 871000000000.0]"
499,supplier,16082,"['Gaito SPA' 'Chile' 'Coquimbo' 'Denar' 'Oil & Gas' 899 999.94 8088 71
 247000000000.0]"
500,supplier,28873,"['Herrmann' 'United States' 'Alabama' 'Dollars'
 'Engineering, Construction & Building Materials' 183 753.73 5904 41
 329000000000.0]"
501,supplier,71339,"['Gilbert PLC' 'Holy See (Vatican City State)' 'Unknown' 'Dollars'
 'Electric Power & Natural Gas' 721 654.54 3371 38 74576815055.0]"
502,supplier,75613,"['Tommaseo SPA' 'Christmas Island' 'Unknown' 'Dollars' 'Chemicals' 900
 2.25 8147 31 142000000000.0]"
503,supplier,52082,"['Mcfarland-Gill' 'San Marino' 'Acquaviva' 'Dollars'
 'Paper, Forest Products & Packaging' 608 5.91 2563 90 211000000000.0]"
504,supplier,25563,"['Rismondo e figli' 'Kiribati' 'Line Islands' 'Dollars'
 'Paper, Forest Products & Packaging' 615 76.56 8891 67 772000000000.0]"
505,supplier,41542,"['Montanari-Gucci SPA' 'Finland' 'Egentliga Finland' 'Dollars' 'Chemicals'
 732 7670.95 4999 31 562000000000.0]"
506,supplier,47017,"['Faure S.A.S.' 'Moldova, Republic of' 'Chișinău' 'Dollars' 'Education'
 221 8112.61 8031 69 616000000000.0]"
507,supplier,46894,"['Pitts, Stokes and Hardin' 'Ethiopia' 'Dire Dawa' 'Dollars'
 'Public & Social Sector' 666 69.83 9757 28 928000000000.0]"
508,supplier,43160,"['Häring Fechner GmbH & Co. KG' 'Saint Pierre and Miquelon' 'Unknown'
 'Dollars' 'Advanced Electronics' 238 73.32 1697 34 499000000000.0]"
509,supplier,94512,"['Breton Delorme SA' 'Uruguay' 'Tacuarembó' 'Dollars' 'Retail' 321 9.89
 2583 60 532000000000.0]"
510,supplier,79389,"['Drub KGaA' 'Curaçao' 'Unknown' 'Dollars' 'Retail' 719 57.5 4327 1
 835000000000.0]"
511,supplier,60009,"['Klapp AG' 'Oman' 'Al Wusţá' 'Dollars' 'Education' 868 6966.14 3892 84
 16594453544.0]"
512,supplier,30764,"['Fletcher, Page and Hill' 'Venezuela, Bolivarian Republic of' 'Bolívar'
 'Dollars' 'Paper, Forest Products & Packaging' 439 9.43 8848 6
 357000000000.0]"
513,supplier,82144,"['Scott-Hughes' 'Sierra Leone' 'Northern' 'Dollars' 'Financial Services'
 313 55.4 7747 95 133000000000.0]"
514,supplier,42191,"['Blanchet' 'United Kingdom' 'Walsall' 'Dollars' 'Advanced Electronics'
 565 6602.96 5251 14 530000000000.0]"
515,supplier,99869,"['Barnes Ltd' 'Aruba' 'Unknown' 'Dollars' 'Oil & Gas' 912 878.67 3120 7
 746000000000.0]"
516,supplier,99559,"['Monnier SA' 'Sierra Leone' 'Eastern' 'Dollars' 'Advanced Electronics'
 233 60.75 9948 76 558000000000.0]"
517,supplier,21602,"['Wells-Shaw' 'Taiwan, Province of China' 'Penghu' 'Dollars'
 'Life Sciences' 477 4022.61 2889 37 186000000000.0]"
518,supplier,10797,"['Davis-Ward' 'Sao Tome and Principe' 'Mé-Zóchi' 'Dollars' 'Retail' 761
 183.64 8686 39 529000000000.0]"
519,supplier,68814,"['Patterson-Barnes' 'Mozambique' 'Zambézia' 'Dollars' 'Education' 165 9.8
 9751 13 612000000000.0]"
520,supplier,81099,"['Caldwell-Taylor' 'Cayman Islands' 'Unknown' 'Dollars'
 'Paper, Forest Products & Packaging' 570 10.26 1508 98 619000000000.0]"
521,supplier,35703,"['Treves-Carli e figli' 'Venezuela, Bolivarian Republic of' 'Lara'
 'Dollars' 'Public & Social Sector' 109 992.4 1082 74 841000000000.0]"
522,supplier,40125,"['Marsh LLC' 'Honduras' 'Francisco Morazán' 'Dollars' 'Financial Services'
 843 1637.99 1665 62 164000000000.0]"
523,supplier,27057,"['Patel, Payne and Lee' 'Zambia' 'Lusaka' 'Dollars' 'Oil & Gas' 508
 5862.41 8074 79 256000000000.0]"
524,supplier,87209,"['Grant Inc' 'United States' 'Nevada' 'Dollars' 'Metals & Mining' 598
 753.49 8256 26 930000000000.0]"
525,supplier,85240,"['Dunlap Group' 'Bahrain' 'Al Janūbīyah' 'Dollars' 'Metals & Mining' 792
 32.88 1893 70 92513292352.0]"
526,supplier,88025,"['Quasimodo, Petrucci e Verdone e figli' 'French Guiana' 'Unknown'
 'Dollars' 'Oil & Gas' 120 36.28 9823 70 553000000000.0]"
527,supplier,13920,"['Brock and Sons' 'Denmark' 'Syddanmark' 'Dollars' 'Aerospace & Defense'
 746 6.18 3965 16 7745977305.0]"
528,supplier,59027,"['Detti-Muti SPA' 'Réunion' 'Unknown' 'Dollars'
 'Travel, Logistics & Infrastructure' 229 33.75 6950 58 9179102255.0]"
529,supplier,25648,"['Ziani, Fischetti e Fittipaldi s.r.l.' 'Tanzania, United Republic of'
 'Ruvuma' 'Dollars' 'Retail' 623 2.22 6785 96 31771223102.0]"
530,supplier,18997,"['Faust Carsten GmbH & Co. KGaA' 'Bhutan' 'Samdrup Jongkhar' 'Dollars'
 'Electric Power & Natural Gas' 735 8.63 4189 67 524000000000.0]"
531,supplier,40597,"['Houghton, Shaw and Bell' 'Antigua and Barbuda' 'Saint Peter' 'Dollars'
 'Real Estate' 793 685.27 9972 67 864000000000.0]"
532,supplier,13569,"['Green, Bush and Garcia' 'Liberia' 'Gbarpolu' 'Dollars' 'Real Estate' 978
 424.38 5489 84 30790751329.0]"
533,supplier,48238,"['Tozzo Group' 'Niue' 'Unknown' 'Dollars'
 'Engineering, Construction & Building Materials' 616 2034.12 4722 77
 233000000000.0]"
534,supplier,77347,"['Koch II AG' 'Croatia' 'Zadarska županija' 'Dollars' 'Metals & Mining'
 608 31.42 9005 60 326000000000.0]"
535,supplier,91265,"['Tozzo-Pace e figli' 'Åland Islands' 'Unknown' 'Dollars'
 'Aerospace & Defense' 885 870.8 1520 80 913000000000.0]"
536,supplier,28515,"['Schomber' 'Viet Nam' 'Bạc Liêu' 'Dollars' 'Consumer Packaged Goods' 189
 3.67 1469 79 152000000000.0]"
537,supplier,70869,"['Shea-Ellis' 'Tajikistan' 'Dushanbe' 'Dollars'
 'Private Equity & Principal Investors' 263 613.78 4953 54 849000000000.0]"
538,supplier,12116,"['Mills-Bates' 'North Macedonia' 'Jegunovce' 'Dollars' 'Oil & Gas' 225
 854.72 1176 46 684000000000.0]"
539,supplier,42091,"['Gute' 'Suriname' 'Saramacca' 'Dollars' 'Education' 790 4.54 8062 75
 337000000000.0]"
540,supplier,90942,"['Richards Group' 'British Indian Ocean Territory' 'Unknown' 'Dollars'
 'Semiconductors' 388 69.92 1825 14 205000000000.0]"
541,supplier,76020,"['Dehmel Schomber KG' ""Lao People's Democratic Republic"" 'Xaignabouli'
 'Dollars' 'Financial Services' 545 7248.43 1286 98 54402705239.0]"
542,supplier,69229,"['Briggs LLC' 'Seychelles' 'Bel Air' 'Dollars' 'Financial Services' 764
 306.11 7975 85 805000000000.0]"
543,supplier,61565,"['Barcaccia Group' 'Croatia' 'Šibensko-kninska županija' 'Dollars'
 'Oil & Gas' 805 74.83 2132 24 907000000000.0]"
544,supplier,12435,"['Thomas Fernandez S.A.R.L.' 'Réunion' 'Unknown' 'Dollars'
 'Automotive & Assembly' 642 747.34 4647 44 447000000000.0]"
545,supplier,79806,"['Maspero, Biagiotti e Bianchini s.r.l.' 'Croatia'
 'Sisačko-moslavačka županija' 'Dollars' 'Aerospace & Defense' 248 64.18
 8583 51 656000000000.0]"
546,supplier,57109,"['Descamps SA' 'Mali' 'Kayes' 'Dollars' 'Retail' 939 29.23 7001 70
 856000000000.0]"
547,supplier,52130,"['Delaunay' 'Sudan' 'Gedaref' 'Dollars' 'Electric Power & Natural Gas' 277
 2096.83 5794 100 807000000000.0]"
548,supplier,42118,"['Day, Howell and Hill' 'Montserrat' 'Unknown' 'Dollars'
 'Private Equity & Principal Investors' 521 8296.12 1387 13 389000000000.0]"
549,supplier,40898,"['Brenna Group' 'Kuwait' 'Al Farwānīyah' 'Dollars' 'Metals & Mining' 929
 1353.54 6865 83 891000000000.0]"
550,supplier,39402,"['Martinez' 'Suriname' 'Paramaribo' 'Dollars' 'Retail' 191 2.96 8661 23
 964000000000.0]"
551,supplier,73431,"['Monti-Carnera Group' 'Singapore' 'Central Singapore' 'Dollars'
 'Healthcare Systems & Services' 277 820.4 9984 51 377000000000.0]"
552,supplier,58914,"['Munoz SA' 'Timor-Leste' 'Lautein' 'Dollars' 'Aerospace & Defense' 539
 44.83 2382 100 168000000000.0]"
553,supplier,34967,"['Scott-Williams' 'Guernsey' 'Unknown' 'Dollars' 'Chemicals' 574 5.84 3124
 89 664000000000.0]"
554,supplier,99068,"['Geißler' 'Hong Kong' 'Unknown' 'Dollars' 'Real Estate' 894 6.79 4626 18
 466000000000.0]"
555,supplier,75772,"['Williams-Ryan' 'Ireland' 'Connaught' 'Dollars' 'Consumer Packaged Goods'
 529 942.96 8490 6 765000000000.0]"
556,supplier,13901,"['Legrand Ollivier et Fils' 'Netherlands' 'Saba' 'Dollars'
 'Paper, Forest Products & Packaging' 358 1.85 3107 14 113000000000.0]"
557,supplier,57265,"['Guarato e figli' 'Somalia' 'Mudug' 'Dollars' 'Semiconductors' 696
 4905.39 7379 31 723000000000.0]"
558,supplier,71349,"['Blondel' 'Lesotho' 'Leribe' 'Dollars' 'Agriculture' 460 77.5 5993 70
 257000000000.0]"
559,supplier,87695,"['Ricci, Omma e Tirabassi SPA' 'Samoa' ""Fa'asaleleaga"" 'Dollars' 'Retail'
 744 19.24 5488 96 228000000000.0]"
560,supplier,81678,"['Wulf' 'Turkmenistan' 'Lebap' 'Dollars' 'Financial Services' 803 6.62
 2819 74 323000000000.0]"
561,supplier,56429,"['Maurice SA' 'Benin' 'Alibori' 'Dollars' 'Healthcare Systems & Services'
 439 28.6 6662 69 854000000000.0]"
562,supplier,16265,"['Prati-Anastasi e figli' 'Liechtenstein' 'Triesen' 'Dollars' 'Retail' 910
 64.96 4403 49 701000000000.0]"
563,supplier,38461,"['Chandler, Williams and Stevens' 'Costa Rica' 'Heredia' 'Dollars'
 'Engineering, Construction & Building Materials' 993 99.48 2508 27
 581000000000.0]"
564,supplier,28042,"['Gumprich GbR' 'Pitcairn' 'Unknown' 'Dollars'
 'Electric Power & Natural Gas' 310 6.88 5592 91 738000000000.0]"
565,supplier,27988,"['Thomas' 'Brazil' 'Pará' 'Dollars' 'Agriculture' 634 2.72 5948 77
 959526079.0]"
566,supplier,85116,"['Löchel' 'Bonaire, Sint Eustatius and Saba' 'Saba' 'Dollars'
 'Real Estate' 705 8.56 1382 76 503000000000.0]"
567,supplier,68615,"['Pacheco, Davies and Randall' 'Portugal' 'Vila Real' 'Dollars'
 'Paper, Forest Products & Packaging' 372 8.58 3644 48 226000000000.0]"
568,supplier,67411,"['Reed, Matthews and Holmes' 'Finland' 'Norra Savolax' 'Dollars'
 'Automotive & Assembly' 388 4.2 1673 57 501000000000.0]"
569,supplier,11790,"['Campbell-West' 'Chad' 'Tibastī' 'Dollars' 'Semiconductors' 761 1141.39
 4777 30 644000000000.0]"
570,supplier,21726,"['Voisin' 'New Caledonia' 'Unknown' 'Dollars'
 'Healthcare Systems & Services' 423 471.96 3919 2 649000000000.0]"
571,supplier,15367,"['Schüler' 'Sudan' 'North Darfur' 'Dollars'
 'Engineering, Construction & Building Materials' 432 545.34 2240 48
 402000000000.0]"
572,supplier,95496,"['Didier' 'China' 'Hong Kong SAR' 'Dollars' 'Aerospace & Defense' 825 6.59
 6728 61 806000000000.0]"
573,supplier,93032,"['Smith-Hill' 'Bulgaria' 'Sofia' 'Dollars' 'Aerospace & Defense' 738 72.84
 7639 55 328000000000.0]"
574,supplier,64580,"['Gotthard Stiftung & Co. KGaA' 'Cyprus' 'Baf' 'Dollars'
 'Financial Services' 602 75.43 3397 51 747000000000.0]"
575,supplier,19072,"['Casarin-Valentino Group' 'Botswana' 'Central' 'Dollars'
 'Healthcare Systems & Services' 926 5954.35 8479 63 813000000000.0]"
576,supplier,94877,"['Gould Inc' 'United States' 'Vermont' 'Dollars' 'Financial Services' 730
 372.62 6193 3 855000000000.0]"
577,supplier,67018,"['Gray-Johnson' 'Brazil' 'Paraíba' 'Dollars' 'Real Estate' 744 4.57 5607
 45 815000000000.0]"
578,supplier,86494,"['Murphy-Mitchell' 'Slovenia' 'Kozje' 'Dollars'
 'Private Equity & Principal Investors' 659 24.94 8030 39 111000000000.0]"
579,supplier,71056,"['Christoph KG' 'Mali' 'Ménaka' 'Dollars'
 'Engineering, Construction & Building Materials' 564 7878.81 7403 80
 651000000000.0]"
580,supplier,11186,"['Norris, Dominguez and Smith' 'New Caledonia' 'Unknown' 'Dollars'
 'Paper, Forest Products & Packaging' 809 7.38 9314 25 606000000000.0]"
581,supplier,55714,"['Richardson LLC' 'Botswana' 'Lobatse' 'Dollars' 'Education' 674 2589.86
 2770 14 194000000000.0]"
582,supplier,65285,"['Marty S.A.R.L.' 'Djibouti' 'Tadjourah' 'Dollars' 'Real Estate' 715 4.97
 3173 51 564000000000.0]"
583,supplier,96448,"['Murillo Group' 'Comoros' 'Andjazîdja' 'Dollars' 'Education' 610 628.14
 6486 93 982000000000.0]"
584,supplier,68498,"['Tropea, Soprano e Chiappetta s.r.l.' 'Papua New Guinea' 'Bougainville'
 'Dollars' 'Consumer Packaged Goods' 514 22.93 8291 29 243000000000.0]"
585,supplier,29946,"['Flores-Anderson' 'Guernsey' 'Unknown' 'Dollars' 'Aerospace & Defense'
 767 670.25 6775 98 227000000000.0]"
586,supplier,35340,"['Hall-Bell' 'Falkland Islands (Malvinas)' 'Unknown' 'Dollars'
 'Advanced Electronics' 240 7945.64 8289 35 600000000000.0]"
587,supplier,99057,"['Charles PLC' 'Mali' 'Mopti' 'Dollars' 'Public & Social Sector' 990 6.13
 7048 99 537000000000.0]"
588,supplier,10731,"['Giolitti, Pincherle e Zanazzo Group' 'Paraguay' 'Cordillera' 'Dollars'
 'Advanced Electronics' 119 5.62 3190 21 523000000000.0]"
589,supplier,99101,"['Leblanc and Sons' 'Western Sahara' 'Unknown' 'Dollars'
 'Advanced Electronics' 109 59.47 9012 60 220000000000.0]"
590,supplier,70892,"['Heidrich Christoph KG' 'Curaçao' 'Unknown' 'Dollars'
 'Financial Services' 154 2.4 6927 12 10956758891.0]"
591,supplier,51207,"['Bolzmann Säuberlich GmbH' 'French Guiana' 'Unknown' 'Dollars'
 'Travel, Logistics & Infrastructure' 797 71.57 7655 67 351000000000.0]"
592,supplier,94574,"['Harper-Jones' 'Mali' 'Koulikoro' 'Dollars' 'Oil & Gas' 471 58.36 6620 22
 253000000000.0]"
593,supplier,30864,"['Rose KG' 'Palau' 'Ngarchelong' 'Dollars' 'Automotive & Assembly' 597
 4.46 9729 35 282000000000.0]"
594,supplier,90700,"['Lefebvre' 'Brazil' 'Paraná' 'Dollars' 'Semiconductors' 310 3.25 3748 97
 112000000000.0]"
595,supplier,90256,"['Förster' 'Ethiopia' 'Addis Ababa' 'Dollars'
 'Paper, Forest Products & Packaging' 764 7024.13 7003 46 69190139802.0]"
596,supplier,35266,"['Gotthard Zahn GmbH' 'Finland' 'Pohjanmaa' 'Dollars'
 'Healthcare Systems & Services' 570 6.51 7985 42 147000000000.0]"
597,supplier,52647,"['Cook-Webb' 'Morocco' 'Berkane' 'Dollars'
 'Paper, Forest Products & Packaging' 762 10.69 2171 35 763000000000.0]"
598,supplier,13355,"['Shah-Lowe' 'Central African Republic' 'Bamingui-Bangoran' 'Dollars'
 'Automotive & Assembly' 862 37.45 6844 50 215000000000.0]"
599,supplier,48467,"['Brandt Ltd' 'Anguilla' 'Unknown' 'Dollars' 'Oil & Gas' 593 788.49 1593
 20 325000000000.0]"
