,name,followers
0,Warehouses 7377,9.0
1,Warehouses 9023,8.0
2,Warehouses 8344,8.0
3,Warehouses 6161,8.0
4,Warehouses 4876,8.0
5,Warehouses 2728,8.0
6,Warehouses 2252,8.0
7,Warehouses 2091,8.0
8,Warehouses 9867,7.0
9,Warehouses 7618,7.0
10,Warehouses 7339,7.0
11,Warehouses 7158,7.0
12,Warehouses 5383,7.0
13,Warehouses 5241,7.0
14,Warehouses 4728,7.0
15,Warehouses 3176,7.0
16,Warehouses 2930,7.0
17,Warehouses 2843,7.0
18,Warehouses 1623,7.0
19,Warehouses 9975,6.0
20,Warehouses 9970,6.0
21,Warehouses 9888,6.0
22,Warehouses 9610,6.0
23,Warehouses 9388,6.0
24,Warehouses 9387,6.0
25,Warehouses 9272,6.0
26,Warehouses 9233,6.0
27,Warehouses 8490,6.0
28,Warehouses 8327,6.0
29,Warehouses 7878,6.0
30,Warehouses 7483,6.0
31,Warehouses 7400,6.0
32,Warehouses 7196,6.0
33,Warehouses 7033,6.0
34,Warehouses 6881,6.0
35,Warehouses 6641,6.0
36,Warehouses 5456,6.0
37,Warehouses 4650,6.0
38,Warehouses 4649,6.0
39,Warehouses 4501,6.0
40,Warehouses 4197,6.0
41,Warehouses 4142,6.0
42,Warehouses 3401,6.0
43,Warehouses 3267,6.0
44,Warehouses 3094,6.0
45,Warehouses 2891,6.0
46,Warehouses 2805,6.0
47,Warehouses 2238,6.0
48,Warehouses 2231,6.0
49,Warehouses 1754,6.0
50,Warehouses 1169,6.0
51,Warehouses 1034,6.0
52,Warehouses 9996,5.0
53,Warehouses 9926,5.0
54,Warehouses 9772,5.0
55,Warehouses 9733,5.0
56,Warehouses 9596,5.0
57,Warehouses 9582,5.0
58,Warehouses 9565,5.0
59,Warehouses 9304,5.0
60,Warehouses 9174,5.0
61,Warehouses 8950,5.0
62,Warehouses 8858,5.0
63,Warehouses 8848,5.0
64,Warehouses 8732,5.0
65,Warehouses 8563,5.0
66,Warehouses 8488,5.0
67,Warehouses 8399,5.0
68,Warehouses 8117,5.0
69,Warehouses 7953,5.0
70,Warehouses 7808,5.0
71,Warehouses 7611,5.0
72,Warehouses 7451,5.0
73,Warehouses 7347,5.0
74,Warehouses 7334,5.0
75,Warehouses 7237,5.0
76,Warehouses 7103,5.0
77,Warehouses 7038,5.0
78,Warehouses 6928,5.0
79,Warehouses 6869,5.0
80,Warehouses 6764,5.0
81,Warehouses 6722,5.0
82,Warehouses 6607,5.0
83,Warehouses 6544,5.0
84,Warehouses 6541,5.0
85,Warehouses 6482,5.0
86,Warehouses 6362,5.0
87,Warehouses 6349,5.0
88,Warehouses 6277,5.0
89,Warehouses 6100,5.0
90,Warehouses 5886,5.0
91,Warehouses 5812,5.0
92,Warehouses 5690,5.0
93,Warehouses 5616,5.0
94,Warehouses 5498,5.0
95,Warehouses 5418,5.0
96,Warehouses 5326,5.0
97,Warehouses 5294,5.0
98,Warehouses 4823,5.0
99,Warehouses 4785,5.0
100,Warehouses 4730,5.0
101,Warehouses 4698,5.0
102,Warehouses 4693,5.0
103,Warehouses 4657,5.0
104,Warehouses 4607,5.0
105,Warehouses 4604,5.0
106,Warehouses 4517,5.0
107,Warehouses 4499,5.0
108,Warehouses 4496,5.0
109,Warehouses 4421,5.0
110,Warehouses 4415,5.0
111,Warehouses 4247,5.0
112,Warehouses 4213,5.0
113,Warehouses 4204,5.0
114,Warehouses 4099,5.0
115,Warehouses 4065,5.0
116,Warehouses 4045,5.0
117,Warehouses 4027,5.0
118,Warehouses 4014,5.0
119,Warehouses 3871,5.0
120,Warehouses 3853,5.0
121,Warehouses 3661,5.0
122,Warehouses 3613,5.0
123,Warehouses 3118,5.0
124,Warehouses 3075,5.0
125,Warehouses 2970,5.0
126,Warehouses 2936,5.0
127,Warehouses 2855,5.0
128,Warehouses 2797,5.0
129,Warehouses 2729,5.0
130,Warehouses 2666,5.0
131,Warehouses 2441,5.0
132,Warehouses 2266,5.0
133,Warehouses 2125,5.0
134,Warehouses 2116,5.0
135,Warehouses 1992,5.0
136,Warehouses 1969,5.0
137,Warehouses 1835,5.0
138,Warehouses 1817,5.0
139,Warehouses 1810,5.0
140,Warehouses 1756,5.0
141,Warehouses 1603,5.0
142,Warehouses 1482,5.0
143,Warehouses 1442,5.0
144,Warehouses 1429,5.0
145,Warehouses 1245,5.0
146,Warehouses 9949,4.0
147,Warehouses 9941,4.0
148,Warehouses 9781,4.0
149,Warehouses 9759,4.0
150,Warehouses 9753,4.0
151,Warehouses 9613,4.0
152,Warehouses 9611,4.0
153,Warehouses 9451,4.0
154,Warehouses 9426,4.0
155,Warehouses 9423,4.0
156,Warehouses 9313,4.0
157,Warehouses 9247,4.0
158,Warehouses 9241,4.0
159,Warehouses 9235,4.0
160,Warehouses 9224,4.0
161,Warehouses 9115,4.0
162,Warehouses 9084,4.0
163,Warehouses 9033,4.0
164,Warehouses 8978,4.0
165,Warehouses 8892,4.0
166,Warehouses 8671,4.0
167,Warehouses 8359,4.0
168,Warehouses 8354,4.0
169,Warehouses 8349,4.0
170,Warehouses 8299,4.0
171,Warehouses 8183,4.0
172,Warehouses 8035,4.0
173,Warehouses 7950,4.0
174,Warehouses 7940,4.0
175,Warehouses 7898,4.0
176,Warehouses 7888,4.0
177,Warehouses 7848,4.0
178,Warehouses 7840,4.0
179,Warehouses 7794,4.0
180,Warehouses 7780,4.0
181,Warehouses 7763,4.0
182,Warehouses 7727,4.0
183,Warehouses 7709,4.0
184,Warehouses 7567,4.0
185,Warehouses 7548,4.0
186,Warehouses 7525,4.0
187,Warehouses 7498,4.0
188,Warehouses 7486,4.0
189,Warehouses 7248,4.0
190,Warehouses 7185,4.0
191,Warehouses 7094,4.0
192,Warehouses 7093,4.0
193,Warehouses 7070,4.0
194,Warehouses 7068,4.0
195,Warehouses 6898,4.0
196,Warehouses 6895,4.0
197,Warehouses 6840,4.0
198,Warehouses 6833,4.0
199,Warehouses 6787,4.0
200,Warehouses 6626,4.0
201,Warehouses 6507,4.0
202,Warehouses 6420,4.0
203,Warehouses 6406,4.0
204,Warehouses 6405,4.0
205,Warehouses 6299,4.0
206,Warehouses 6229,4.0
207,Warehouses 6173,4.0
208,Warehouses 6142,4.0
209,Warehouses 6110,4.0
210,Warehouses 6052,4.0
211,Warehouses 6016,4.0
212,Warehouses 5977,4.0
213,Warehouses 5970,4.0
214,Warehouses 5966,4.0
215,Warehouses 5842,4.0
216,Warehouses 5820,4.0
217,Warehouses 5819,4.0
218,Warehouses 5688,4.0
219,Warehouses 5569,4.0
220,Warehouses 5472,4.0
221,Warehouses 5464,4.0
222,Warehouses 5424,4.0
223,Warehouses 5381,4.0
224,Warehouses 5337,4.0
225,Warehouses 5330,4.0
226,Warehouses 5297,4.0
227,Warehouses 5256,4.0
228,Warehouses 5236,4.0
229,Warehouses 5094,4.0
230,Warehouses 5071,4.0
231,Warehouses 5013,4.0
232,Warehouses 5004,4.0
233,Warehouses 4939,4.0
234,Warehouses 4895,4.0
235,Warehouses 4817,4.0
236,Warehouses 4792,4.0
237,Warehouses 4786,4.0
238,Warehouses 4571,4.0
239,Warehouses 4428,4.0
240,Warehouses 4420,4.0
241,Warehouses 4412,4.0
242,Warehouses 4411,4.0
243,Warehouses 4408,4.0
244,Warehouses 4397,4.0
245,Warehouses 4319,4.0
246,Warehouses 4293,4.0
247,Warehouses 4254,4.0
248,Warehouses 4249,4.0
249,Warehouses 4218,4.0
250,Warehouses 4167,4.0
251,Warehouses 4095,4.0
252,Warehouses 4094,4.0
253,Warehouses 4093,4.0
254,Warehouses 4047,4.0
255,Warehouses 4041,4.0
256,Warehouses 3972,4.0
257,Warehouses 3893,4.0
258,Warehouses 3882,4.0
259,Warehouses 3856,4.0
260,Warehouses 3855,4.0
261,Warehouses 3841,4.0
262,Warehouses 3773,4.0
263,Warehouses 3692,4.0
264,Warehouses 3640,4.0
265,Warehouses 3638,4.0
266,Warehouses 3609,4.0
267,Warehouses 3600,4.0
268,Warehouses 3573,4.0
269,Warehouses 3456,4.0
270,Warehouses 3412,4.0
271,Warehouses 3259,4.0
272,Warehouses 3221,4.0
273,Warehouses 3069,4.0
274,Warehouses 3031,4.0
275,Warehouses 3002,4.0
276,Warehouses 2991,4.0
277,Warehouses 2969,4.0
278,Warehouses 2894,4.0
279,Warehouses 2882,4.0
280,Warehouses 2822,4.0
281,Warehouses 2816,4.0
282,Warehouses 2815,4.0
283,Warehouses 2798,4.0
284,Warehouses 2730,4.0
285,Warehouses 2683,4.0
286,Warehouses 2644,4.0
287,Warehouses 2454,4.0
288,Warehouses 2356,4.0
289,Warehouses 2329,4.0
290,Warehouses 2301,4.0
291,Warehouses 2294,4.0
292,Warehouses 2244,4.0
293,Warehouses 2077,4.0
294,Warehouses 2061,4.0
295,Warehouses 2033,4.0
296,Warehouses 1938,4.0
297,Warehouses 1784,4.0
298,Warehouses 1565,4.0
299,Warehouses 1538,4.0
300,Warehouses 1526,4.0
301,Warehouses 1469,4.0
302,Warehouses 1443,4.0
303,Warehouses 1417,4.0
304,Warehouses 1285,4.0
305,Warehouses 1279,4.0
306,Warehouses 1274,4.0
307,Warehouses 1249,4.0
308,Warehouses 1205,4.0
309,Warehouses 1141,4.0
310,Warehouses 1064,4.0
311,Warehouses 9988,3.0
312,Warehouses 9830,3.0
313,Warehouses 9825,3.0
314,Warehouses 9721,3.0
315,Warehouses 9717,3.0
316,Warehouses 9625,3.0
317,Warehouses 9615,3.0
318,Warehouses 9603,3.0
319,Warehouses 9563,3.0
320,Warehouses 9515,3.0
321,Warehouses 9510,3.0
322,Warehouses 9509,3.0
323,Warehouses 9471,3.0
324,Warehouses 9408,3.0
325,Warehouses 9184,3.0
326,Warehouses 9167,3.0
327,Warehouses 9054,3.0
328,Warehouses 9043,3.0
329,Warehouses 9042,3.0
330,Warehouses 9030,3.0
331,Warehouses 8949,3.0
332,Warehouses 8862,3.0
333,Warehouses 8836,3.0
334,Warehouses 8786,3.0
335,Warehouses 8748,3.0
336,Warehouses 8717,3.0
337,Warehouses 8635,3.0
338,Warehouses 8614,3.0
339,Warehouses 8522,3.0
340,Warehouses 8484,3.0
341,Warehouses 8412,3.0
342,Warehouses 8389,3.0
343,Warehouses 8332,3.0
344,Warehouses 8231,3.0
345,Warehouses 8187,3.0
346,Warehouses 8169,3.0
347,Warehouses 8096,3.0
348,Warehouses 8094,3.0
349,Warehouses 7992,3.0
350,Warehouses 7982,3.0
351,Warehouses 7965,3.0
352,Warehouses 7926,3.0
353,Warehouses 7845,3.0
354,Warehouses 7839,3.0
355,Warehouses 7751,3.0
356,Warehouses 7721,3.0
357,Warehouses 7685,3.0
358,Warehouses 7663,3.0
359,Warehouses 7634,3.0
360,Warehouses 7571,3.0
361,Warehouses 7550,3.0
362,Warehouses 7466,3.0
363,Warehouses 7465,3.0
364,Warehouses 7461,3.0
365,Warehouses 7425,3.0
366,Warehouses 7418,3.0
367,Warehouses 7408,3.0
368,Warehouses 7352,3.0
369,Warehouses 7329,3.0
370,Warehouses 7306,3.0
371,Warehouses 7210,3.0
372,Warehouses 7123,3.0
373,Warehouses 7117,3.0
374,Warehouses 7064,3.0
375,Warehouses 7043,3.0
376,Warehouses 7024,3.0
377,Warehouses 7016,3.0
378,Warehouses 6980,3.0
379,Warehouses 6915,3.0
380,Warehouses 6853,3.0
381,Warehouses 6770,3.0
382,Warehouses 6731,3.0
383,Warehouses 6694,3.0
384,Warehouses 6660,3.0
385,Warehouses 6434,3.0
386,Warehouses 6379,3.0
387,Warehouses 6326,3.0
388,Warehouses 6317,3.0
389,Warehouses 6307,3.0
390,Warehouses 6206,3.0
391,Warehouses 6205,3.0
392,Warehouses 6200,3.0
393,Warehouses 6198,3.0
394,Warehouses 6184,3.0
395,Warehouses 6165,3.0
396,Warehouses 6164,3.0
397,Warehouses 6063,3.0
398,Warehouses 6062,3.0
399,Warehouses 6034,3.0
400,Warehouses 5919,3.0
401,Warehouses 5854,3.0
402,Warehouses 5802,3.0
403,Warehouses 5742,3.0
404,Warehouses 5736,3.0
405,Warehouses 5672,3.0
406,Warehouses 5608,3.0
407,Warehouses 5597,3.0
408,Warehouses 5596,3.0
409,Warehouses 5515,3.0
410,Warehouses 5492,3.0
411,Warehouses 5395,3.0
412,Warehouses 5355,3.0
413,Warehouses 5299,3.0
414,Warehouses 5286,3.0
415,Warehouses 5253,3.0
416,Warehouses 5177,3.0
417,Warehouses 5170,3.0
418,Warehouses 5143,3.0
419,Warehouses 5127,3.0
420,Warehouses 5084,3.0
421,Warehouses 5030,3.0
422,Warehouses 5025,3.0
423,Warehouses 4963,3.0
424,Warehouses 4956,3.0
425,Warehouses 4782,3.0
426,Warehouses 4773,3.0
427,Warehouses 4744,3.0
428,Warehouses 4701,3.0
429,Warehouses 4695,3.0
430,Warehouses 4622,3.0
431,Warehouses 4537,3.0
432,Warehouses 4515,3.0
433,Warehouses 4427,3.0
434,Warehouses 4406,3.0
435,Warehouses 4400,3.0
436,Warehouses 4390,3.0
437,Warehouses 4374,3.0
438,Warehouses 4371,3.0
439,Warehouses 4325,3.0
440,Warehouses 4237,3.0
441,Warehouses 4234,3.0
442,Warehouses 4232,3.0
443,Warehouses 4210,3.0
444,Warehouses 4208,3.0
445,Warehouses 4182,3.0
446,Warehouses 4175,3.0
447,Warehouses 4127,3.0
448,Warehouses 4087,3.0
449,Warehouses 3998,3.0
450,Warehouses 3994,3.0
451,Warehouses 3990,3.0
452,Warehouses 3865,3.0
453,Warehouses 3766,3.0
454,Warehouses 3688,3.0
455,Warehouses 3630,3.0
456,Warehouses 3591,3.0
457,Warehouses 3553,3.0
458,Warehouses 3539,3.0
459,Warehouses 3525,3.0
460,Warehouses 3514,3.0
461,Warehouses 3468,3.0
462,Warehouses 3452,3.0
463,Warehouses 3427,3.0
464,Warehouses 3377,3.0
465,Warehouses 3276,3.0
466,Warehouses 3225,3.0
467,Warehouses 3158,3.0
468,Warehouses 3138,3.0
469,Warehouses 3108,3.0
470,Warehouses 3046,3.0
471,Warehouses 3044,3.0
472,Warehouses 2865,3.0
473,Warehouses 2764,3.0
474,Warehouses 2708,3.0
475,Warehouses 2664,3.0
476,Warehouses 2553,3.0
477,Warehouses 2524,3.0
478,Warehouses 2481,3.0
479,Warehouses 2468,3.0
480,Warehouses 2448,3.0
481,Warehouses 2324,3.0
482,Warehouses 2321,3.0
483,Warehouses 2299,3.0
484,Warehouses 2199,3.0
485,Warehouses 2183,3.0
486,Warehouses 2155,3.0
487,Warehouses 2141,3.0
488,Warehouses 2140,3.0
489,Warehouses 2108,3.0
490,Warehouses 2066,3.0
491,Warehouses 2012,3.0
492,Warehouses 1993,3.0
493,Warehouses 1935,3.0
494,Warehouses 1846,3.0
495,Warehouses 1716,3.0
496,Warehouses 1704,3.0
497,Warehouses 1653,3.0
498,Warehouses 1632,3.0
499,Warehouses 1576,3.0
500,Warehouses 1464,3.0
501,Warehouses 1427,3.0
502,Warehouses 1328,3.0
503,Warehouses 1258,3.0
504,Warehouses 1187,3.0
505,Warehouses 1174,3.0
506,Warehouses 1152,3.0
507,Warehouses 1127,3.0
508,Warehouses 1125,3.0
509,Warehouses 1045,3.0
510,Warehouses 9981,2.0
511,Warehouses 9957,2.0
512,Warehouses 9942,2.0
513,Warehouses 9924,2.0
514,Warehouses 9911,2.0
515,Warehouses 9901,2.0
516,Warehouses 9872,2.0
517,Warehouses 9777,2.0
518,Warehouses 9762,2.0
519,Warehouses 9752,2.0
520,Warehouses 9741,2.0
521,Warehouses 9722,2.0
522,Warehouses 9695,2.0
523,Warehouses 9506,2.0
524,Warehouses 9473,2.0
525,Warehouses 9454,2.0
526,Warehouses 9444,2.0
527,Warehouses 9424,2.0
528,Warehouses 9399,2.0
529,Warehouses 9376,2.0
530,Warehouses 9369,2.0
531,Warehouses 9357,2.0
532,Warehouses 9349,2.0
533,Warehouses 9300,2.0
534,Warehouses 9292,2.0
535,Warehouses 9215,2.0
536,Warehouses 9190,2.0
537,Warehouses 9168,2.0
538,Warehouses 9133,2.0
539,Warehouses 9091,2.0
540,Warehouses 9077,2.0
541,Warehouses 9065,2.0
542,Warehouses 9011,2.0
543,Warehouses 8984,2.0
544,Warehouses 8962,2.0
545,Warehouses 8958,2.0
546,Warehouses 8954,2.0
547,Warehouses 8935,2.0
548,Warehouses 8921,2.0
549,Warehouses 8907,2.0
550,Warehouses 8853,2.0
551,Warehouses 8812,2.0
552,Warehouses 8765,2.0
553,Warehouses 8758,2.0
554,Warehouses 8714,2.0
555,Warehouses 8699,2.0
556,Warehouses 8620,2.0
557,Warehouses 8593,2.0
558,Warehouses 8534,2.0
559,Warehouses 8511,2.0
560,Warehouses 8452,2.0
561,Warehouses 8450,2.0
562,Warehouses 8426,2.0
563,Warehouses 8400,2.0
564,Warehouses 8370,2.0
565,Warehouses 8365,2.0
566,Warehouses 8255,2.0
567,Warehouses 8235,2.0
568,Warehouses 8218,2.0
569,Warehouses 8175,2.0
570,Warehouses 8154,2.0
571,Warehouses 8124,2.0
572,Warehouses 8114,2.0
573,Warehouses 8084,2.0
574,Warehouses 8064,2.0
575,Warehouses 8055,2.0
576,Warehouses 8050,2.0
577,Warehouses 7975,2.0
578,Warehouses 7971,2.0
579,Warehouses 7959,2.0
580,Warehouses 7895,2.0
581,Warehouses 7864,2.0
582,Warehouses 7843,2.0
583,Warehouses 7774,2.0
584,Warehouses 7688,2.0
585,Warehouses 7673,2.0
586,Warehouses 7664,2.0
587,Warehouses 7660,2.0
588,Warehouses 7651,2.0
589,Warehouses 7622,2.0
590,Warehouses 7614,2.0
591,Warehouses 7581,2.0
592,Warehouses 7564,2.0
593,Warehouses 7434,2.0
594,Warehouses 7404,2.0
595,Warehouses 7402,2.0
596,Warehouses 7326,2.0
597,Warehouses 7309,2.0
598,Warehouses 7286,2.0
599,Warehouses 7282,2.0
600,Warehouses 7240,2.0
601,Warehouses 7212,2.0
602,Warehouses 7209,2.0
603,Warehouses 7146,2.0
604,Warehouses 7145,2.0
605,Warehouses 7118,2.0
606,Warehouses 7058,2.0
607,Warehouses 7011,2.0
608,Warehouses 6984,2.0
609,Warehouses 6979,2.0
610,Warehouses 6960,2.0
611,Warehouses 6894,2.0
612,Warehouses 6889,2.0
613,Warehouses 6877,2.0
614,Warehouses 6859,2.0
615,Warehouses 6858,2.0
616,Warehouses 6857,2.0
617,Warehouses 6804,2.0
618,Warehouses 6790,2.0
619,Warehouses 6724,2.0
620,Warehouses 6675,2.0
621,Warehouses 6670,2.0
622,Warehouses 6586,2.0
623,Warehouses 6557,2.0
624,Warehouses 6548,2.0
625,Warehouses 6536,2.0
626,Warehouses 6492,2.0
627,Warehouses 6485,2.0
628,Warehouses 6443,2.0
629,Warehouses 6390,2.0
630,Warehouses 6363,2.0
631,Warehouses 6297,2.0
632,Warehouses 6292,2.0
633,Warehouses 6283,2.0
634,Warehouses 6280,2.0
635,Warehouses 6219,2.0
636,Warehouses 6124,2.0
637,Warehouses 6096,2.0
638,Warehouses 6090,2.0
639,Warehouses 6085,2.0
640,Warehouses 6045,2.0
641,Warehouses 5985,2.0
642,Warehouses 5974,2.0
643,Warehouses 5961,2.0
644,Warehouses 5932,2.0
645,Warehouses 5922,2.0
646,Warehouses 5904,2.0
647,Warehouses 5777,2.0
648,Warehouses 5761,2.0
649,Warehouses 5754,2.0
650,Warehouses 5717,2.0
651,Warehouses 5653,2.0
652,Warehouses 5650,2.0
653,Warehouses 5647,2.0
654,Warehouses 5623,2.0
655,Warehouses 5521,2.0
656,Warehouses 5509,2.0
657,Warehouses 5504,2.0
658,Warehouses 5359,2.0
659,Warehouses 5351,2.0
660,Warehouses 5340,2.0
661,Warehouses 5315,2.0
662,Warehouses 5303,2.0
663,Warehouses 5204,2.0
664,Warehouses 5181,2.0
665,Warehouses 5169,2.0
666,Warehouses 5163,2.0
667,Warehouses 5158,2.0
668,Warehouses 5116,2.0
669,Warehouses 5089,2.0
670,Warehouses 5053,2.0
671,Warehouses 5051,2.0
672,Warehouses 4967,2.0
673,Warehouses 4927,2.0
674,Warehouses 4910,2.0
675,Warehouses 4849,2.0
676,Warehouses 4834,2.0
677,Warehouses 4816,2.0
678,Warehouses 4797,2.0
679,Warehouses 4780,2.0
680,Warehouses 4716,2.0
681,Warehouses 4697,2.0
682,Warehouses 4652,2.0
683,Warehouses 4640,2.0
684,Warehouses 4634,2.0
685,Warehouses 4593,2.0
686,Warehouses 4504,2.0
687,Warehouses 4431,2.0
688,Warehouses 4361,2.0
689,Warehouses 4357,2.0
690,Warehouses 4328,2.0
691,Warehouses 4317,2.0
692,Warehouses 4300,2.0
693,Warehouses 4286,2.0
694,Warehouses 4280,2.0
695,Warehouses 4262,2.0
696,Warehouses 4186,2.0
697,Warehouses 4132,2.0
698,Warehouses 4054,2.0
699,Warehouses 4044,2.0
700,Warehouses 3921,2.0
701,Warehouses 3896,2.0
702,Warehouses 3873,2.0
703,Warehouses 3852,2.0
704,Warehouses 3832,2.0
705,Warehouses 3826,2.0
706,Warehouses 3825,2.0
707,Warehouses 3756,2.0
708,Warehouses 3730,2.0
709,Warehouses 3673,2.0
710,Warehouses 3652,2.0
711,Warehouses 3577,2.0
712,Warehouses 3532,2.0
713,Warehouses 3493,2.0
714,Warehouses 3413,2.0
715,Warehouses 3406,2.0
716,Warehouses 3387,2.0
717,Warehouses 3365,2.0
718,Warehouses 3350,2.0
719,Warehouses 3309,2.0
720,Warehouses 3261,2.0
721,Warehouses 3238,2.0
722,Warehouses 3227,2.0
723,Warehouses 3181,2.0
724,Warehouses 3112,2.0
725,Warehouses 3106,2.0
726,Warehouses 3074,2.0
727,Warehouses 3043,2.0
728,Warehouses 3000,2.0
729,Warehouses 2937,2.0
730,Warehouses 2935,2.0
731,Warehouses 2910,2.0
732,Warehouses 2886,2.0
733,Warehouses 2881,2.0
734,Warehouses 2878,2.0
735,Warehouses 2877,2.0
736,Warehouses 2859,2.0
737,Warehouses 2821,2.0
738,Warehouses 2804,2.0
739,Warehouses 2737,2.0
740,Warehouses 2722,2.0
741,Warehouses 2714,2.0
742,Warehouses 2691,2.0
743,Warehouses 2670,2.0
744,Warehouses 2647,2.0
745,Warehouses 2638,2.0
746,Warehouses 2632,2.0
747,Warehouses 2630,2.0
748,Warehouses 2614,2.0
749,Warehouses 2607,2.0
750,Warehouses 2587,2.0
751,Warehouses 2538,2.0
752,Warehouses 2424,2.0
753,Warehouses 2414,2.0
754,Warehouses 2345,2.0
755,Warehouses 2304,2.0
756,Warehouses 2275,2.0
757,Warehouses 2198,2.0
758,Warehouses 2176,2.0
759,Warehouses 2161,2.0
760,Warehouses 2152,2.0
761,Warehouses 2002,2.0
762,Warehouses 1949,2.0
763,Warehouses 1945,2.0
764,Warehouses 1915,2.0
765,Warehouses 1888,2.0
766,Warehouses 1882,2.0
767,Warehouses 1837,2.0
768,Warehouses 1832,2.0
769,Warehouses 1780,2.0
770,Warehouses 1735,2.0
771,Warehouses 1728,2.0
772,Warehouses 1721,2.0
773,Warehouses 1707,2.0
774,Warehouses 1614,2.0
775,Warehouses 1575,2.0
776,Warehouses 1564,2.0
777,Warehouses 1510,2.0
778,Warehouses 1312,2.0
779,Warehouses 1266,2.0
780,Warehouses 1226,2.0
781,Warehouses 1172,2.0
782,Warehouses 1149,2.0
783,Warehouses 1123,2.0
784,Warehouses 1111,2.0
785,Warehouses 1085,2.0
786,Warehouses 1017,2.0
787,Warehouses 1012,2.0
788,Warehouses 9964,1.0
789,Warehouses 9953,1.0
790,Warehouses 9936,1.0
791,Warehouses 9807,1.0
792,Warehouses 9778,1.0
793,Warehouses 9769,1.0
794,Warehouses 9738,1.0
795,Warehouses 9729,1.0
796,Warehouses 9557,1.0
797,Warehouses 9403,1.0
798,Warehouses 9359,1.0
799,Warehouses 9334,1.0
800,Warehouses 9228,1.0
801,Warehouses 9111,1.0
802,Warehouses 9060,1.0
803,Warehouses 9038,1.0
804,Warehouses 8820,1.0
805,Warehouses 8771,1.0
806,Warehouses 8626,1.0
807,Warehouses 8601,1.0
808,Warehouses 8599,1.0
809,Warehouses 8558,1.0
810,Warehouses 8551,1.0
811,Warehouses 8527,1.0
812,Warehouses 8479,1.0
813,Warehouses 8456,1.0
814,Warehouses 8366,1.0
815,Warehouses 8337,1.0
816,Warehouses 8216,1.0
817,Warehouses 8146,1.0
818,Warehouses 8020,1.0
819,Warehouses 7981,1.0
820,Warehouses 7945,1.0
821,Warehouses 7922,1.0
822,Warehouses 7884,1.0
823,Warehouses 7722,1.0
824,Warehouses 7489,1.0
825,Warehouses 7474,1.0
826,Warehouses 7382,1.0
827,Warehouses 7295,1.0
828,Warehouses 7230,1.0
829,Warehouses 7160,1.0
830,Warehouses 7060,1.0
831,Warehouses 7045,1.0
832,Warehouses 7026,1.0
833,Warehouses 6958,1.0
834,Warehouses 6818,1.0
835,Warehouses 6635,1.0
836,Warehouses 6634,1.0
837,Warehouses 6601,1.0
838,Warehouses 6591,1.0
839,Warehouses 6520,1.0
840,Warehouses 6353,1.0
841,Warehouses 6314,1.0
842,Warehouses 6298,1.0
843,Warehouses 6266,1.0
844,Warehouses 6265,1.0
845,Warehouses 6248,1.0
846,Warehouses 6141,1.0
847,Warehouses 6109,1.0
848,Warehouses 6087,1.0
849,Warehouses 5887,1.0
850,Warehouses 5879,1.0
851,Warehouses 5810,1.0
852,Warehouses 5795,1.0
853,Warehouses 5760,1.0
854,Warehouses 5668,1.0
855,Warehouses 5661,1.0
856,Warehouses 5571,1.0
857,Warehouses 5540,1.0
858,Warehouses 5510,1.0
859,Warehouses 5343,1.0
860,Warehouses 5325,1.0
861,Warehouses 5279,1.0
862,Warehouses 4965,1.0
863,Warehouses 4866,1.0
864,Warehouses 4733,1.0
865,Warehouses 4703,1.0
866,Warehouses 4678,1.0
867,Warehouses 4677,1.0
868,Warehouses 4658,1.0
869,Warehouses 4522,1.0
870,Warehouses 4518,1.0
871,Warehouses 4458,1.0
872,Warehouses 4445,1.0
873,Warehouses 4405,1.0
874,Warehouses 4394,1.0
875,Warehouses 4255,1.0
876,Warehouses 4238,1.0
877,Warehouses 4229,1.0
878,Warehouses 4211,1.0
879,Warehouses 4166,1.0
880,Warehouses 4123,1.0
881,Warehouses 4083,1.0
882,Warehouses 4032,1.0
883,Warehouses 3954,1.0
884,Warehouses 3860,1.0
885,Warehouses 3765,1.0
886,Warehouses 3760,1.0
887,Warehouses 3759,1.0
888,Warehouses 3742,1.0
889,Warehouses 3735,1.0
890,Warehouses 3535,1.0
891,Warehouses 3459,1.0
892,Warehouses 3310,1.0
893,Warehouses 3270,1.0
894,Warehouses 3264,1.0
895,Warehouses 3257,1.0
896,Warehouses 3248,1.0
897,Warehouses 3243,1.0
898,Warehouses 3219,1.0
899,Warehouses 3206,1.0
900,Warehouses 3105,1.0
901,Warehouses 2975,1.0
902,Warehouses 2893,1.0
903,Warehouses 2751,1.0
904,Warehouses 2727,1.0
905,Warehouses 2689,1.0
906,Warehouses 2629,1.0
907,Warehouses 2619,1.0
908,Warehouses 2526,1.0
909,Warehouses 2506,1.0
910,Warehouses 2430,1.0
911,Warehouses 2396,1.0
912,Warehouses 2382,1.0
913,Warehouses 2367,1.0
914,Warehouses 2280,1.0
915,Warehouses 2194,1.0
916,Warehouses 2159,1.0
917,Warehouses 2151,1.0
918,Warehouses 2085,1.0
919,Warehouses 2032,1.0
920,Warehouses 2026,1.0
921,Warehouses 2015,1.0
922,Warehouses 1974,1.0
923,Warehouses 1933,1.0
924,Warehouses 1825,1.0
925,Warehouses 1668,1.0
926,Warehouses 1557,1.0
927,Warehouses 1544,1.0
928,Warehouses 1505,1.0
929,Warehouses 1453,1.0
930,Warehouses 1407,1.0
931,Warehouses 1370,1.0
932,Warehouses 1342,1.0
933,Warehouses 1334,1.0
934,Warehouses 1272,1.0
935,Warehouses 1171,1.0
936,Warehouses 1164,1.0
937,Warehouses 1080,1.0
938,Warehouses 1065,1.0
939,Warehouses 9784,0.0
940,Warehouses 9659,0.0
941,Warehouses 9589,0.0
942,Warehouses 9455,0.0
943,Warehouses 9375,0.0
944,Warehouses 9319,0.0
945,Warehouses 9277,0.0
946,Warehouses 8923,0.0
947,Warehouses 8828,0.0
948,Warehouses 8750,0.0
949,Warehouses 8677,0.0
950,Warehouses 8596,0.0
951,Warehouses 8568,0.0
952,Warehouses 8493,0.0
953,Warehouses 8480,0.0
954,Warehouses 8387,0.0
955,Warehouses 8065,0.0
956,Warehouses 8060,0.0
957,Warehouses 7899,0.0
958,Warehouses 7552,0.0
959,Warehouses 7224,0.0
960,Warehouses 7202,0.0
961,Warehouses 7189,0.0
962,Warehouses 6750,0.0
963,Warehouses 6020,0.0
964,Warehouses 5965,0.0
965,Warehouses 5866,0.0
966,Warehouses 5659,0.0
967,Warehouses 5349,0.0
968,Warehouses 5111,0.0
969,Warehouses 5024,0.0
970,Warehouses 4930,0.0
971,Warehouses 4825,0.0
972,Warehouses 4771,0.0
973,Warehouses 4655,0.0
974,Warehouses 4638,0.0
975,Warehouses 4563,0.0
976,Warehouses 4512,0.0
977,Warehouses 4303,0.0
978,Warehouses 4292,0.0
979,Warehouses 4276,0.0
980,Warehouses 4273,0.0
981,Warehouses 4098,0.0
982,Warehouses 4018,0.0
983,Warehouses 3751,0.0
984,Warehouses 3437,0.0
985,Warehouses 3351,0.0
986,Warehouses 3156,0.0
987,Warehouses 3140,0.0
988,Warehouses 3021,0.0
989,Warehouses 2999,0.0
990,Warehouses 2951,0.0
991,Warehouses 2921,0.0
992,Warehouses 2428,0.0
993,Warehouses 1666,0.0
994,Warehouses 1606,0.0
995,Warehouses 1470,0.0
996,Warehouses 1234,0.0
997,Warehouses 1028,0.0
998,Warehouses 1011,0.0
999,Warehouses 1010,0.0
