warehouse_id,country,city_name,capacity (NA),product_types,Operations Expenses,Rental price
1012,Sierra Leone,Eastern,870268,"['B', 'N', 'D', 'R']",0.51,2.87
1017,Réunion,,453753,"['G', 'W', 'O', 'A']",0.67,2.11
1028,Malawi,Chitipa,687914,"['Z', 'M', 'F', 'E', 'O', 'X', 'S']",0.59,2.26
1034,Lao People's Democratic Republic,Viangchan,594912,"['H', 'D', 'R', 'G', 'O', 'A', 'W']",0.93,2.7
1045,Cocos (Keeling) Islands,,336363,"['S', 'Q', 'C', 'V']",0.67,1.93
1064,Guinea,Dabola,911569,"['V', 'U', 'W', 'P', 'X', 'I']",0.87,2.06
1065,Malta,Santa Venera,568726,"['R', 'N']",0.93,2.79
1080,Sweden,Dalarnas län [SE-20],520255,['J'],0.64,2.51
1085,Slovenia,Osilnica,285053,['K'],0.71,1.82
1111,Dominican Republic,Cibao Nordeste,624345,"['W', 'J', 'X', 'U']",0.51,2.82
1123,Cuba,Holguín,500970,"['O', 'E', 'P', 'M', 'H', 'G']",0.72,2.01
1125,Oman,Al Buraymī,297933,['B'],0.7,2.38
1127,San Marino,Faetano,909405,"['X', 'Z']",0.99,2.7
1141,Papua New Guinea,Chimbu,180650,"['B', 'Y', 'C', 'I']",0.62,2.17
1149,Benin,Atlantique,550011,"['O', 'L', 'P', 'E', 'Q', 'R']",0.72,2.04
1152,Saudi Arabia,Makkah al Mukarramah,126954,"['O', 'M', 'D', 'J', 'P', 'H', 'L']",0.59,2.37
1164,Denmark,Midtjylland,721644,['M'],0.8,2.4
1169,Gabon,Haut-Ogooué,526216,"['F', 'X', 'A', 'G']",0.65,2.65
1171,Fiji,Eastern,314860,"['P', 'L', 'R', 'E', 'O', 'F', 'Z']",0.9,1.77
1172,Namibia,Kunene,266111,['Z'],0.74,1.82
1174,Jordan,Al Mafraq,248306,"['P', 'M']",0.89,1.98
1187,Curaçao,,127246,"['S', 'N', 'O', 'A', 'J', 'V']",0.55,2.3
1205,Saudi Arabia,Ar Riyāḑ,531056,"['N', 'L', 'X', 'M', 'Z', 'J']",0.85,2.82
1226,Comoros,Andjouân,368856,"['F', 'X', 'D']",0.71,2.6
1234,"Iran, Islamic Republic of",Zanjān,751640,"['H', 'Q', 'K', 'J', 'B']",0.71,2.43
1245,Saint Kitts and Nevis,Saint Peter Basseterre,951570,"['V', 'C', 'I', 'O', 'P', 'K']",0.83,2.7
1249,Argentina,Formosa,800638,"['L', 'I', 'O', 'X', 'T', 'P', 'Y']",0.78,2.73
1258,Mauritania,Assaba,283426,"['O', 'X', 'N', 'F']",0.99,2.26
1266,Armenia,Vayoć Jor,114667,"['I', 'Y', 'T', 'U', 'H', 'V']",0.79,2.91
1272,United Arab Emirates,Abū Z̧aby,349300,"['T', 'H', 'J', 'Y']",0.92,2.35
1274,Sudan,Gezira,407988,"['F', 'B', 'H', 'W', 'I']",0.63,2.14
1279,Switzerland,Jura,764828,"['S', 'D', 'B', 'G']",0.96,2.31
1285,Mayotte,,510024,"['D', 'E']",0.77,2.61
1312,Austria,Salzburg,298763,"['P', 'A', 'G']",0.53,1.88
1328,Curaçao,,118793,['A'],0.54,1.88
1334,Malawi,Karonga,838221,"['F', 'J', 'E', 'H', 'X', 'B', 'Y']",0.76,2.06
1342,Maldives,South Miladhunmadulu,712194,['R'],0.96,2.4
1370,Northern Mariana Islands,,475709,"['X', 'N', 'W']",0.77,2.37
1407,Northern Mariana Islands,,292877,"['B', 'D', 'I']",0.82,2.21
1417,Philippines,Cebu,672396,"['P', 'I', 'Z', 'K', 'V', 'C', 'X']",0.55,2.03
1427,Belize,Stann Creek,702288,"['V', 'O', 'Z']",0.73,1.78
1429,Spain,"Murcia, Región de",616588,"['B', 'V', 'N', 'H']",0.68,2.36
1442,Saint Barthélemy,,360583,"['U', 'H', 'N', 'E', 'M', 'Y', 'A']",0.98,1.79
1443,Pitcairn,,340849,"['K', 'X', 'V', 'U', 'D', 'F', 'Y']",0.84,2.33
1453,Norfolk Island,,557269,"['O', 'H', 'D']",0.97,2.8
1464,Oman,Musandam,556774,"['A', 'L', 'T', 'E', 'N', 'C']",0.5,2.93
1469,Réunion,,762671,"['U', 'T', 'N', 'L']",0.58,2.31
1470,Gambia,Lower River,924130,['P'],0.99,2.24
1482,Rwanda,Southern,763060,"['L', 'U', 'S', 'T', 'M']",0.79,2.96
1505,Botswana,Gaborone,127229,['U'],0.8,1.94
1510,Saint Martin (French part),,846033,"['Q', 'S', 'R', 'I', 'B', 'G']",0.79,2.88
1526,"Tanzania, United Republic of",Morogoro,174677,"['R', 'X', 'T', 'K', 'E', 'J', 'C']",0.6,2.47
1538,Isle of Man,,988986,"['O', 'G', 'K']",0.63,2.37
1544,Trinidad and Tobago,Siparia,891190,"['D', 'Y']",0.88,2.49
1557,French Southern Territories,,865451,"['N', 'Q', 'S', 'R']",0.61,2.55
1564,Zimbabwe,Harare,640912,"['A', 'G', 'W', 'V', 'I', 'M', 'J']",0.65,1.92
1565,Sint Maarten (Dutch part),,463241,"['H', 'O', 'Z', 'V', 'I', 'M']",0.9,2.92
1575,Wallis and Futuna,Uvea,931581,"['E', 'A', 'N', 'Z', 'R', 'T']",0.79,2.88
1576,Falkland Islands (Malvinas),,156877,"['Q', 'J', 'N', 'Y', 'T']",0.63,1.89
1603,Åland Islands,,318392,"['G', 'L']",0.79,2.52
1606,Afghanistan,Bādghīs,841116,"['D', 'P', 'H', 'F', 'O', 'Y', 'B']",0.81,2.62
1614,"Virgin Islands, U.S.",,888353,['K'],0.62,2.75
1623,Brunei Darussalam,Tutong,970353,"['Q', 'C', 'U', 'B']",0.97,2.13
1632,Russian Federation,Krasnojarskij kraj,952284,"['B', 'G', 'X']",0.81,2.7
1653,Heard Island and McDonald Islands,,828796,['F'],0.75,2.86
1666,India,Tripura,708237,"['O', 'S', 'A', 'R', 'F']",0.84,2.45
1668,United States Minor Outlying Islands,Jarvis Island,957385,['R'],0.74,2.89
1704,Dominica,Saint Andrew,844389,"['N', 'B', 'C', 'E', 'K']",0.54,2.77
1707,Kiribati,Phoenix Islands,115466,"['Z', 'N', 'S', 'U', 'T']",0.9,2.52
1716,Holy See (Vatican City State),,562643,['L'],0.84,2.1
1721,United States Minor Outlying Islands,Navassa Island,721357,['E'],0.71,1.77
1728,Uganda,Zombo,575957,"['O', 'A']",0.91,2.15
1735,Cocos (Keeling) Islands,,387594,['J'],0.82,2.56
1754,Israel,Al Quds,473061,"['W', 'P']",0.5,2.62
1756,Saint Martin (French part),,467969,"['R', 'D', 'E', 'C', 'S', 'V', 'G']",0.65,2.31
1780,Morocco,Sefrou,685917,['T'],0.51,2.54
1784,Ecuador,Cotopaxi,948692,"['K', 'R', 'Z']",0.75,2.16
1810,Burundi,Bujumbura Mairie,935344,['N'],0.54,2.45
1825,Denmark,Midtjylland,531276,"['Q', 'L', 'A']",0.75,2.92
1832,Bangladesh,Sylhet,808383,"['E', 'K', 'Y', 'N', 'D', 'X']",0.54,1.77
1835,French Polynesia,,544819,"['T', 'V', 'L', 'Z', 'D', 'H']",0.79,2.72
1837,Ukraine,Khersonska oblast,651458,"['H', 'D', 'L', 'U', 'N', 'S', 'I']",0.79,2.96
1846,New Zealand,West Coast,796997,"['Z', 'J', 'I', 'D', 'E', 'V']",0.78,2.51
1882,Bulgaria,Kardzhali,919980,"['A', 'Z', 'S', 'H', 'E']",0.69,2.27
1888,Saint Kitts and Nevis,Christ Church Nichola Town,547134,"['Q', 'V', 'P', 'R']",0.74,1.8
1915,Netherlands,Drenthe,511605,"['W', 'C', 'L', 'Y']",0.61,2.88
1933,Iceland,Ásahreppur,882879,"['U', 'P', 'L', 'F']",0.91,2.3
1935,Romania,Mehedinți,114178,['S'],0.96,1.79
1938,Cabo Verde,Tarrafal de São Nicolau,360271,"['H', 'M', 'W', 'N']",0.8,2.53
1945,Syrian Arab Republic,Al Qunayţirah,533133,"['H', 'D', 'P']",0.76,2.8
1949,Turkmenistan,Balkan,498812,"['S', 'P', 'D', 'X', 'Q']",0.63,2.67
1969,South Africa,Eastern Cape,524291,"['M', 'T', 'P', 'S']",0.72,2.61
1974,Saint Vincent and the Grenadines,Charlotte,594576,"['B', 'Z', 'U', 'O']",0.98,2.97
1992,Guernsey,,115399,"['G', 'J', 'D', 'T', 'E']",0.6,2.32
1993,Turks and Caicos Islands,,724069,"['U', 'S', 'G', 'I', 'O', 'Y', 'W']",0.87,1.95
2002,Armenia,Širak,441998,['N'],0.91,2.14
2012,Fiji,Cakaudrove,454741,"['J', 'V']",0.92,2.39
2015,Chile,Coquimbo,721312,"['M', 'S', 'B', 'N']",0.51,2.66
2026,Nauru,Anetan,173862,"['U', 'B', 'M', 'S', 'D']",0.62,2.17
2032,"Iran, Islamic Republic of",Eşfahān,105918,"['G', 'Y', 'X', 'N', 'Z', 'B', 'W']",0.85,2.97
2033,Portugal,Portalegre,679163,"['T', 'X', 'P', 'C', 'S', 'R', 'A']",0.96,2.66
2061,South Africa,Northern Cape,175458,"['A', 'D', 'Q', 'N', 'G', 'S']",0.94,2.78
2066,Germany,Rheinland-Pfalz,727779,"['S', 'I', 'N', 'P']",0.9,2.7
2077,Oman,Janūb ash Sharqīyah,629313,"['P', 'O', 'D', 'Q', 'L', 'K']",0.7,1.82
2085,Norfolk Island,,929596,['L'],0.88,2.61
2091,Brazil,Paraíba,916584,"['T', 'P', 'J', 'X', 'G']",0.78,2.44
2108,United Arab Emirates,Umm al Qaywayn,298045,"['T', 'G', 'X', 'N', 'H', 'A', 'S']",0.66,1.75
2116,Mayotte,,393016,"['Q', 'X', 'Z', 'N', 'E', 'B', 'M']",0.93,1.91
2125,"Korea, Democratic People's Republic of",Hamgyǒng-namdo,669077,"['Q', 'X', 'E', 'B', 'P', 'K']",0.93,2.57
2140,Holy See (Vatican City State),,923532,"['F', 'Z', 'E', 'K']",0.79,2.7
2141,Seychelles,Grand Anse Praslin,873365,"['Y', 'I', 'F', 'M']",0.64,2.57
2151,Guam,,643851,"['N', 'P', 'W', 'L', 'C', 'F', 'X']",0.94,2.46
2152,Armenia,Vayoć Jor,401971,"['J', 'X', 'P', 'U', 'O', 'G']",0.81,2.81
2155,Sierra Leone,Western Area (Freetown),514487,"['G', 'E', 'D', 'A']",0.6,2.52
2159,Poland,Zachodniopomorskie,957116,"['X', 'T', 'V', 'H', 'L', 'A']",0.81,2.14
2176,"Micronesia, Federated States of",Chuuk,345692,"['B', 'L', 'E', 'X', 'D', 'Z']",0.68,1.82
2183,Germany,Saarland,136211,"['C', 'K', 'S']",0.88,2.24
2194,Faroe Islands,,380536,"['E', 'Z', 'G', 'X', 'F', 'M']",0.95,1.88
2198,Saint Barthélemy,,610305,"['P', 'E', 'J', 'F', 'X']",0.66,2.29
2199,Réunion,,802809,"['R', 'H', 'Y', 'P']",0.9,2.08
2231,South Georgia and the South Sandwich Islands,,518204,"['K', 'I', 'L']",0.88,1.89
2238,Brazil,Distrito Federal,182247,"['S', 'Q', 'L', 'P', 'K']",0.57,2.91
2244,Liechtenstein,Gamprin,503373,['I'],0.5,2.29
2252,Liechtenstein,Schellenberg,684684,"['P', 'Z']",0.62,2.02
2266,Bhutan,Zhemgang,574433,"['J', 'N', 'Y']",0.79,2.36
2275,Serbia,Južnobanatski okrug,834168,"['S', 'P', 'C', 'N', 'O', 'D']",0.74,2.15
2280,Singapore,South West,582724,['G'],0.79,2.63
2294,Rwanda,Northern,976557,"['K', 'E']",0.53,2.02
2299,Seychelles,Ile Perseverance II,818828,"['C', 'F', 'S']",0.94,2.94
2301,Montserrat,,320179,"['U', 'B', 'C', 'F', 'K']",0.5,2.82
2304,"Congo, The Democratic Republic of the",Lomami,277143,"['E', 'H', 'L', 'M']",0.85,2.25
2321,Mayotte,,302337,"['T', 'M', 'F']",0.52,2.78
2324,Paraguay,Caaguazú,176403,"['R', 'U', 'V', 'X', 'I', 'W', 'O']",0.91,2.38
2329,"Venezuela, Bolivarian Republic of",Bolívar,312251,"['F', 'R', 'U', 'Y', 'J', 'C', 'X']",0.93,2.29
2345,France,Mayotte,201442,['B'],0.95,2.83
2356,South Sudan,Western Equatoria,604853,"['V', 'O', 'C', 'D', 'S']",0.76,2.61
2367,Suriname,Commewijne,871572,"['E', 'V', 'W', 'X']",0.57,2.31
2396,Timor-Leste,Cova Lima,258681,"['J', 'H', 'L', 'Q']",0.96,1.89
2414,Comoros,Andjouân,846130,"['R', 'D']",0.82,2.36
2424,Austria,Salzburg,819561,"['K', 'R', 'A', 'J']",0.85,2.64
2428,Norfolk Island,,285083,['C'],0.61,2.49
2430,Ghana,Upper East,619604,"['V', 'E', 'K', 'C', 'F']",0.66,1.94
2441,Fiji,Macuata,346247,"['Y', 'X', 'A', 'S', 'T', 'J', 'C']",0.83,1.77
2448,Cocos (Keeling) Islands,,830688,"['E', 'L', 'S', 'W', 'D', 'U', 'Y']",0.73,2.04
2454,"Micronesia, Federated States of",Pohnpei,130823,"['I', 'B', 'O']",0.85,2.7
2468,New Caledonia,,471849,"['X', 'U', 'T', 'Z', 'J']",0.6,2.06
2481,Antarctica,,842926,"['E', 'B', 'F', 'P', 'N', 'W', 'H']",0.84,1.79
2506,Saint Kitts and Nevis,Saint Thomas Middle Island,617653,"['Z', 'H', 'S']",0.82,2.11
2524,Saint Kitts and Nevis,Saint Anne Sandy Point,658056,"['Z', 'S', 'R', 'P']",0.94,2.96
2526,Lebanon,Jabal Lubnān,644589,"['O', 'A', 'X', 'E', 'T', 'W', 'I']",0.69,2.92
2538,Marshall Islands,Utrik,586679,['F'],0.51,2.46
2553,Botswana,Lobatse,562969,"['Z', 'U', 'E']",0.83,1.92
2587,Guam,,901297,"['L', 'X', 'E']",0.53,2
2607,Japan,Gunma,842697,"['V', 'O', 'C', 'U', 'P', 'E', 'A']",0.93,2.46
2614,Libya,Nālūt,214482,"['M', 'O', 'Q']",0.98,2.18
2619,Tunisia,Jendouba,260630,"['D', 'P', 'W', 'T']",0.64,1.82
2629,Christmas Island,,525345,"['S', 'P', 'D']",0.93,2.68
2630,Argentina,Mendoza,312288,"['R', 'A', 'N']",0.67,2.13
2632,Guinea-Bissau,Bolama / Bijagós,637712,"['A', 'E', 'S', 'Y', 'M', 'H', 'V']",0.91,2.87
2638,Andorra,Encamp,973853,"['A', 'K', 'R', 'W', 'D', 'H', 'S']",0.58,2.25
2644,Slovakia,Prešovský kraj,805314,"['N', 'J', 'T', 'D', 'V']",0.7,2.4
2647,Israel,Al Awsaţ,775013,"['O', 'U']",0.64,2.44
2664,Georgia,Samegrelo-Zemo Svaneti,919120,"['I', 'B', 'K']",0.91,2.03
2666,El Salvador,Ahuachapán,916170,"['X', 'W', 'D', 'A']",0.85,2.75
2670,Gibraltar,,905613,"['U', 'O', 'R', 'W', 'D']",0.96,2.97
2683,Dominican Republic,Cibao Noroeste,140866,"['A', 'F', 'J', 'B', 'V', 'S', 'Y']",0.95,1.86
2689,Curaçao,,345206,"['R', 'O', 'H', 'S']",0.81,2.96
2691,Cyprus,Larnaka,375007,"['S', 'R', 'T', 'A', 'I', 'J', 'L']",0.89,2.45
2708,Sao Tome and Principe,Cantagalo,198084,['P'],0.58,2.54
2714,Saint Martin (French part),,162796,"['O', 'I', 'Z']",0.51,2.08
2722,Comoros,Andjazîdja,523068,['L'],0.85,2.93
2727,Faroe Islands,,885712,"['X', 'J', 'I', 'N']",0.75,2.11
2728,Dominica,Saint Andrew,871372,"['M', 'S', 'T']",0.79,2.06
2729,Zimbabwe,Matabeleland South,257286,"['X', 'J', 'O']",0.52,2.11
2730,Wallis and Futuna,Uvea,497534,"['X', 'M', 'Y', 'P', 'Q']",0.64,1.93
2737,"Tanzania, United Republic of",Shinyanga,483339,"['X', 'M', 'F', 'V', 'G', 'O', 'Z']",0.92,2.01
2751,Svalbard and Jan Mayen,,133287,"['M', 'W', 'Y']",0.56,2.46
2764,Australia,Australian Capital Territory,147945,['E'],0.88,2.04
2797,San Marino,Montegiardino,679250,['H'],0.84,2.42
2798,Niue,,274601,"['E', 'L', 'K', 'Y', 'W', 'I']",0.76,1.89
2804,Maldives,Fuvammulah,742500,"['O', 'C', 'E', 'M', 'T']",0.53,1.95
2805,Saint Vincent and the Grenadines,Saint David,861965,"['T', 'H', 'J']",0.94,1.92
2815,United States Minor Outlying Islands,Johnston Atoll,711521,"['X', 'M', 'I', 'L', 'F', 'H']",0.72,1.92
2816,Tonga,Ha'apai,983278,"['H', 'G', 'X', 'Q']",0.94,1.91
2821,Turks and Caicos Islands,,944666,"['O', 'R', 'C', 'Q', 'U', 'P', 'I']",0.74,1.86
2822,Angola,Moxico,152203,['E'],0.94,1.99
2843,San Marino,Serravalle,689191,"['B', 'C', 'J']",0.62,1.82
2855,Nicaragua,Estelí,541345,"['A', 'C', 'I', 'Q', 'T', 'V']",0.57,2.42
2859,Ecuador,El Oro,137387,"['L', 'S', 'C', 'H']",0.95,2.6
2865,Liberia,River Gee,760039,"['U', 'W', 'G']",0.92,2.85
2877,Saint Barthélemy,,812482,"['D', 'R', 'B', 'N']",0.99,2.22
2878,Madagascar,Mahajanga,390715,"['K', 'C', 'L', 'G', 'X']",0.67,2.27
2881,Sierra Leone,North Western,441723,"['K', 'Y', 'L', 'G']",0.65,2.4
2882,Faroe Islands,,169745,"['A', 'H']",0.77,2.05
2886,Lao People's Democratic Republic,Salavan,426342,"['W', 'U']",0.81,1.92
2891,Trinidad and Tobago,Port of Spain,578724,"['T', 'C', 'K', 'F', 'N', 'M']",0.58,2.67
2893,Central African Republic,Ombella-Mpoko,118565,"['K', 'H']",0.61,2.75
2894,Angola,Malange,106024,['F'],0.69,2.86
2910,Gabon,Ogooué-Lolo,169893,['K'],0.82,1.96
2921,Madagascar,Antananarivo,340329,"['E', 'V', 'T', 'M', 'X', 'Y', 'G']",0.8,2.99
2930,Uruguay,Río Negro,569054,"['S', 'W', 'Z', 'C']",0.96,1.81
2935,"Micronesia, Federated States of",Yap,519448,"['X', 'R', 'P', 'W', 'Z']",0.66,2.12
2936,Norway,Svalbard (Arctic Region),213297,"['I', 'U']",0.59,1.96
2937,Netherlands,Aruba,939379,"['K', 'O', 'N']",0.94,2.22
2951,Georgia,Tbilisi,769082,"['Q', 'A', 'X']",0.52,2.67
2969,India,Himāchal Pradesh,292313,"['Q', 'Z', 'H', 'U', 'M', 'V']",0.72,2.96
2970,Turkmenistan,Balkan,413594,"['X', 'Y']",0.92,2.23
2975,American Samoa,,190832,['N'],0.71,2.13
2991,Greece,Ípeiros,879162,"['J', 'F', 'N', 'G', 'U']",0.97,1.89
2999,Saint Barthélemy,,640806,"['T', 'C', 'G', 'J']",0.72,1.78
3000,"Moldova, Republic of",Basarabeasca,532690,"['V', 'A', 'S', 'D', 'O']",0.64,2.24
3002,Sweden,Västernorrlands län [SE-22],312707,"['N', 'Z', 'T']",0.81,1.83
3021,Côte d'Ivoire,Comoé,812958,"['J', 'P', 'O', 'M', 'N', 'R', 'E']",0.55,2.2
3031,Ecuador,Tungurahua,329578,"['V', 'Q', 'X', 'Z', 'A', 'L']",0.88,2.65
3043,Turkmenistan,Balkan,718832,"['H', 'I', 'E', 'N', 'Q', 'S', 'M']",0.54,2.4
3044,Benin,Borgou,435888,"['T', 'Q', 'R']",0.91,2.64
3046,Norway,Oslo,495349,['H'],0.99,2.44
3069,Netherlands,Saba,594523,"['E', 'T', 'Q', 'S', 'C', 'X']",0.75,2.09
3074,Cameroon,East,659471,"['K', 'A']",0.5,2.07
3075,China,Tianjin Shi,374953,"['I', 'Q', 'F', 'U', 'R']",0.76,2.86
3094,Bhutan,Gasa,534255,"['Q', 'W', 'Z', 'D', 'T', 'A', 'R']",0.86,2.52
3105,Turks and Caicos Islands,,504909,"['C', 'Z', 'T', 'W', 'N', 'B', 'I']",0.63,2.08
3106,Bermuda,,976610,"['E', 'I', 'Y', 'H']",0.67,2.16
3112,"Bolivia, Plurinational State of",Santa Cruz,249236,"['B', 'C', 'Q', 'X']",0.95,1.95
3118,Cambodia,Siem Reab,179501,"['Y', 'L', 'H', 'F', 'P', 'Q']",0.96,2.01
3138,Uzbekistan,Andijon,616439,"['N', 'I', 'X', 'W', 'P', 'R', 'M']",0.62,2.32
3140,Lebanon,Baalbek-Hermel,419644,"['F', 'W', 'N', 'B', 'V', 'Y']",0.53,1.94
3156,Romania,Brăila,911985,"['Z', 'Y', 'S', 'H']",0.76,2.39
3158,Marshall Islands,Ratak chain,235487,['G'],0.59,2.51
3176,Azerbaijan,Sədərək,995558,"['T', 'D', 'W', 'K', 'E', 'Y', 'J']",0.94,2.77
3181,Grenada,Saint George,854088,"['G', 'F', 'Z', 'X']",0.62,1.95
3206,Solomon Islands,Rennell and Bellona,729270,"['T', 'D', 'K', 'R']",0.89,2.33
3219,Gibraltar,,736215,"['P', 'R', 'G']",0.8,2.73
3221,Chad,Tandjilé,882859,"['W', 'K', 'J', 'N']",0.5,2.6
3225,Rwanda,Eastern,410579,"['M', 'Y', 'Q']",0.98,1.79
3227,Cayman Islands,,704267,"['Q', 'B', 'X']",0.85,2.19
3238,Libya,Sabhā,434200,"['V', 'M', 'N', 'C', 'L', 'J']",0.5,1.77
3243,Indonesia,Sulawesi Tenggara,294197,"['F', 'H', 'Q', 'J']",0.75,2.73
3248,Morocco,Youssoufia,949554,"['F', 'R', 'S']",0.91,1.96
3257,Mozambique,Maputo,356251,"['P', 'B', 'I', 'T', 'Y']",0.95,1.76
3259,Dominica,Saint David,902997,"['T', 'K', 'D', 'W', 'J', 'N']",0.98,2.75
3261,Aruba,,705542,"['O', 'P', 'Y']",0.84,2.33
3264,Saint Pierre and Miquelon,,782457,['X'],0.61,2.24
3267,Morocco,Tétouan,344153,"['I', 'T', 'X']",0.59,2.39
3270,Ghana,Upper East,994591,"['L', 'N']",0.72,1.89
3276,Brazil,Rio Grande do Sul,909808,"['K', 'D', 'P', 'I', 'A', 'W', 'R']",0.78,2.76
3309,Nauru,Buada,608376,"['W', 'D', 'N', 'J', 'G', 'Q', 'V']",0.76,2.06
3310,Christmas Island,,758056,"['X', 'S', 'A']",0.66,2.91
3350,Egypt,Sūhāj,898684,"['Y', 'H', 'M', 'N', 'P', 'Z']",0.88,2.55
3351,Dominica,Saint Andrew,110790,"['Y', 'K']",0.62,1.92
3377,Philippines,Mountain Province,660524,"['N', 'T', 'Q']",0.6,1.84
3387,Burkina Faso,Cascades,914312,['F'],0.58,2.06
3401,Uzbekistan,Surxondaryo,822178,"['F', 'J', 'G', 'O', 'D', 'E', 'N']",0.65,1.95
3406,Colombia,Risaralda,997073,['T'],0.84,2.35
3413,Norfolk Island,,600541,"['G', 'Z', 'F', 'Q']",0.63,2.17
3427,Rwanda,Western,704889,"['D', 'N', 'F', 'V', 'A']",0.9,2.27
3437,Samoa,Gagaifomauga,222214,"['B', 'H', 'F', 'V', 'P', 'Q', 'U']",0.77,2.78
3452,American Samoa,,468981,['T'],0.63,2.04
3456,Norway,Viken,748345,['S'],0.97,2.93
3459,Mauritius,Rodrigues Island,613316,"['A', 'T', 'Q']",0.53,1.79
3468,Macao,,974866,"['L', 'Z', 'T']",0.58,2.88
3493,Sao Tome and Principe,Príncipe,355769,"['G', 'W', 'X', 'Q', 'Y', 'M']",0.56,2.83
3514,United States Minor Outlying Islands,Jarvis Island,351248,"['V', 'O', 'J', 'E', 'F', 'Z', 'C']",0.84,2.27
3525,Dominican Republic,Barahona,780689,['B'],0.68,2.51
3532,Panama,Ngöbe-Buglé,149633,"['I', 'Y', 'L', 'H', 'T', 'M', 'E']",0.73,2.51
3535,Australia,South Australia,781893,"['W', 'Z', 'G', 'S', 'R']",0.83,2.31
3539,Cook Islands,,567363,['U'],0.52,2.14
3553,Belgium,"wallonne, Région",455059,"['V', 'C', 'T', 'S', 'Z', 'N', 'U']",0.81,2.72
3573,Czechia,Uherské Hradiště,923330,"['B', 'L', 'I', 'K', 'E', 'Z']",0.88,1.82
3577,Nauru,Ewa,599152,"['P', 'F', 'N', 'G']",0.72,2.74
3591,Equatorial Guinea,Djibloho,451592,"['V', 'Z', 'L', 'O']",0.57,2.52
3600,Madagascar,Fianarantsoa,650927,"['Z', 'F', 'P', 'L', 'R']",0.52,2.02
3609,Tonga,Tongatapu,925010,"['S', 'M', 'L', 'W', 'Y']",0.52,2.96
3613,Libya,Murzuq,368134,"['D', 'C', 'J', 'U', 'G', 'E', 'W']",0.74,2.21
3630,Kenya,Narok,419368,"['P', 'C', 'F', 'W', 'G', 'Y']",0.5,2.99
3638,Portugal,Viana do Castelo,381559,"['F', 'G', 'N', 'S']",0.78,2.48
3640,Hong Kong,,822794,"['Q', 'C', 'N', 'D', 'Z', 'G', 'S']",0.89,1.88
3652,Tunisia,Zaghouan,666039,"['K', 'C']",0.94,2.01
3661,French Southern Territories,,266147,"['R', 'X', 'D']",0.95,2.1
3673,Pitcairn,,291516,"['K', 'B', 'J']",0.91,2.24
3688,Saint Kitts and Nevis,Saint George Basseterre,925088,"['G', 'I']",0.77,2.47
3692,San Marino,Acquaviva,216080,"['U', 'Z', 'G', 'R', 'Y']",0.58,2.7
3730,India,Sikkim,951849,"['V', 'O', 'E', 'U']",0.79,2.19
3735,Togo,Plateaux,644948,"['Z', 'B', 'G', 'T', 'F', 'H']",0.64,2.14
3742,Austria,Tirol,681304,"['M', 'A', 'S', 'W', 'U', 'V']",0.72,2.09
3751,"Tanzania, United Republic of",Singida,995241,"['Z', 'C']",0.64,2.89
3756,"Palestine, State of",Gaza,614629,"['R', 'S', 'C', 'P', 'X', 'D']",0.93,2.11
3759,Tajikistan,Kŭhistoni Badakhshon,772327,"['J', 'X']",0.59,2.31
3760,Yemen,Aḑ Ḑāli‘,922304,"['X', 'Z', 'N', 'K']",0.83,1.97
3765,Cyprus,Girne,512521,"['K', 'H', 'E', 'B', 'O', 'C', 'D']",0.5,2.99
3766,Cameroon,South,578809,"['R', 'E', 'U', 'K', 'T']",0.92,1.84
3773,Belarus,Minskaja oblast',712693,"['E', 'Q']",0.87,2.99
3825,Antigua and Barbuda,Saint Philip,149484,"['B', 'R', 'D', 'K']",0.93,1.8
3826,"Saint Helena, Ascension and Tristan da Cunha",Tristan da Cunha,492313,"['X', 'O', 'B', 'J', 'U', 'C', 'P']",0.77,2.7
3832,"Venezuela, Bolivarian Republic of",Falcón,368607,['V'],0.6,1.82
3841,French Polynesia,,912609,['K'],0.98,2.21
3852,Papua New Guinea,National Capital District (Port Moresby),626772,['T'],0.92,2.76
3853,Gibraltar,,226865,"['D', 'Y', 'R', 'A', 'J', 'E', 'X']",0.76,2.76
3855,Myanmar,Shan,610982,"['S', 'W', 'D', 'A', 'G']",0.52,2.18
3856,Turkmenistan,Aşgabat,647772,"['T', 'D']",0.63,2.38
3860,Cyprus,Ammochostos,657645,['F'],0.68,2.66
3865,Réunion,,644926,"['X', 'B', 'F', 'Z', 'Q', 'Y']",0.7,1.78
3871,Anguilla,,388324,"['N', 'O']",0.54,2.16
3873,Djibouti,Djibouti,301310,"['C', 'M', 'T', 'I', 'G']",0.63,2.16
3882,Kenya,Kiambu,589209,"['V', 'W', 'L', 'U', 'O', 'E']",0.92,2.88
3893,Iraq,Al Muthanná,517019,"['K', 'I']",0.94,2.8
3896,Romania,Mureș,929939,"['H', 'W', 'Z', 'A', 'J']",0.89,2.08
3921,Puerto Rico,,892551,"['B', 'P', 'Z', 'T', 'O', 'D']",0.78,2
3954,Burundi,Kayanza,270943,"['J', 'U', 'L', 'T']",0.7,2.91
3972,Nepal,Kosi,616053,"['N', 'G', 'W', 'S']",0.63,2.05
3990,Bahrain,Al Janūbīyah,737930,"['N', 'W', 'T']",0.88,2.13
3994,Lesotho,Mafeteng,639487,['P'],0.91,2.78
3998,Georgia,Mtskheta-Mtianeti,322896,"['Q', 'L', 'S', 'B', 'I']",0.89,2.27
4014,Faroe Islands,,841934,"['B', 'C', 'N', 'J']",0.53,1.95
4018,Madagascar,Toliara,416893,"['G', 'O', 'M', 'W', 'V', 'H', 'I']",0.75,2.71
4027,Poland,Lubelskie,623863,"['Y', 'Q', 'N', 'V']",0.57,2.32
4032,Peru,Piura,366052,"['Y', 'I', 'Q', 'C', 'T', 'U']",0.93,2.6
4041,Azerbaijan,Salyan,859772,"['F', 'X', 'T', 'I', 'B', 'A']",0.74,2.48
4044,Guadeloupe,,523694,['R'],0.83,2.1
4045,Algeria,Tizi Ouzou,508085,"['W', 'Q', 'X', 'R', 'I', 'Z']",0.79,2.24
4047,Spain,Palencia,831456,"['E', 'F', 'A', 'M']",0.79,2.93
4054,Fiji,Ba,188377,"['R', 'N', 'X', 'L', 'U', 'H']",0.61,2.99
4065,Senegal,Matam,947384,"['U', 'B']",0.6,2.2
4083,Gambia,Upper River,186509,"['H', 'C']",0.91,2.66
4087,Chad,Mandoul,846152,"['K', 'H', 'O', 'P', 'A', 'Y']",0.74,2.47
4093,Mauritania,Hodh el Gharbi,947588,['R'],0.54,2.79
4094,Rwanda,City of Kigali,566827,"['J', 'O', 'M', 'I']",0.69,1.82
4095,Sao Tome and Principe,Príncipe,429771,['H'],0.8,2.75
4098,Estonia,Lüganuse,232119,"['N', 'G', 'K']",0.58,1.75
4099,Cameroon,North,399644,['P'],0.96,2.68
4123,Japan,Iwate,797262,"['L', 'Y', 'Z']",0.92,2.58
4127,Greece,Pelopónnisos,527721,"['L', 'X']",0.85,2.52
4132,Samoa,Satupa'itea,895744,"['H', 'O', 'C', 'V', 'G', 'T']",0.96,2.05
4142,Czechia,Česká Lípa,637442,"['Z', 'I', 'G', 'S', 'E', 'A', 'Y']",0.56,2.1
4166,Mauritania,Nouakchott Ouest,491941,"['O', 'G', 'V', 'A', 'B']",0.55,2.97
4167,Serbia,Južnobački okrug,225187,"['J', 'O', 'N', 'S', 'H', 'G']",0.98,2.33
4175,Russian Federation,Volgogradskaja oblast',311850,"['V', 'J', 'D', 'K']",0.61,2.63
4182,Antarctica,,491332,"['P', 'S', 'Y', 'D', 'V', 'N']",0.54,2.3
4186,Ukraine,Ivano-Frankivska oblast,630022,['W'],0.68,2.05
4197,"Moldova, Republic of",Rezina,220124,['M'],0.73,2.82
4204,Sudan,North Darfur,163120,"['F', 'E', 'B', 'P', 'X', 'W']",0.92,2.7
4208,Antigua and Barbuda,Saint Paul,641487,"['L', 'Q', 'A', 'V']",0.85,2.09
4210,Guadeloupe,,516825,"['O', 'F', 'C', 'W', 'I', 'T']",0.89,2.46
4211,Svalbard and Jan Mayen,,863719,"['G', 'T', 'V', 'R', 'C', 'H']",0.7,2.12
4213,Kyrgyzstan,Issyk-Kul'skaja oblast',662434,"['E', 'P', 'V', 'T']",0.52,1.92
4218,"Moldova, Republic of",Ungheni,818477,['G'],0.58,2.16
4229,New Caledonia,,704884,"['J', 'U', 'F']",0.83,2.8
4232,Pakistan,Azad Jammu and Kashmir,180371,"['G', 'K']",0.71,2.73
4234,Nigeria,Gombe,561965,"['L', 'A', 'Y']",0.68,2.47
4237,Monaco,La Gare,854060,"['M', 'L', 'X', 'F']",0.9,2.92
4238,Senegal,Kédougou,387021,"['B', 'O', 'H']",0.55,2.13
4247,Andorra,Escaldes-Engordany,773771,"['E', 'X', 'B', 'L', 'I']",0.57,2.93
4249,Slovenia,Zavrč,241564,"['M', 'E', 'O', 'Y']",0.64,2.94
4254,Switzerland,Valais,552292,"['H', 'A', 'Y', 'V', 'O', 'E']",0.67,1.91
4255,Colombia,Boyacá,561201,['J'],0.95,2.69
4262,Aruba,,171668,"['N', 'Y']",0.72,2.52
4273,Zimbabwe,Manicaland,622077,"['P', 'V', 'Z']",0.65,2.23
4276,Malaysia,Wilayah Persekutuan Putrajaya,797389,['H'],0.99,1.99
4280,Côte d'Ivoire,Gôh-Djiboua,135530,"['T', 'J', 'A', 'W']",0.66,2.16
4286,British Indian Ocean Territory,,837446,"['C', 'M', 'F', 'D', 'A', 'R']",0.82,2.93
4292,South Africa,Eastern Cape,786274,"['J', 'U', 'Z', 'E', 'Y', 'S']",0.54,2.24
4293,Iraq,Karbalā’,802789,"['C', 'B', 'N', 'X', 'I', 'P', 'R']",0.59,1.92
4300,Ecuador,Santa Elena,424162,"['T', 'J', 'W', 'E', 'A', 'M']",0.78,1.85
4303,Belize,Belize,639806,"['Z', 'Q', 'D', 'F', 'P', 'H', 'Y']",0.9,2.32
4317,Senegal,Fatick,347861,"['C', 'X']",0.73,2.01
4319,French Southern Territories,,303946,"['N', 'I']",0.66,2.55
4325,Madagascar,Antsiranana,742785,"['N', 'O', 'S', 'X', 'H']",0.66,2.29
4328,Saint Barthélemy,,677000,"['Q', 'G', 'Z', 'L', 'R', 'S', 'Y']",0.74,2.31
4357,Papua New Guinea,West New Britain,422599,"['P', 'N', 'G', 'O', 'L', 'R', 'E']",0.5,2.16
4361,Peru,La Libertad,667007,['Z'],0.84,2.99
4371,Kuwait,Al Jahrā’,196413,"['J', 'V', 'U', 'C', 'T']",0.96,1.86
4374,Ghana,Savannah,125712,"['B', 'N', 'L', 'O', 'K']",0.88,2.6
4390,"Korea, Democratic People's Republic of",Hwanghae-bukto,445126,"['I', 'N', 'J']",0.71,2.34
4394,Mayotte,,633097,"['P', 'Y', 'J', 'V', 'L']",0.53,2.59
4397,North Macedonia,Strumica,964056,"['F', 'S', 'X', 'O', 'D', 'N']",0.55,2.36
4400,Australia,Tasmania,965757,"['W', 'V', 'X', 'U', 'E', 'T', 'R']",0.86,2.5
4405,Macao,,431059,"['H', 'I', 'V', 'A', 'O', 'U']",0.58,2.74
4406,Cambodia,Kaoh Kong,786452,['Y'],0.51,2.02
4408,"Micronesia, Federated States of",Pohnpei,887096,"['A', 'L', 'B', 'G', 'S', 'Y']",0.99,2.42
4411,Anguilla,,109846,"['G', 'E', 'N', 'A', 'Z', 'P', 'H']",0.65,2.54
4412,Madagascar,Antsiranana,443837,"['P', 'H', 'R', 'B', 'Q']",0.57,2.23
4415,Croatia,Virovitičko-podravska županija,433601,"['U', 'W', 'Q', 'F', 'Z', 'A', 'K']",0.63,2.67
4420,Argentina,Ciudad Autónoma de Buenos Aires,999391,['F'],0.52,2.61
4421,Algeria,Annaba,472176,['U'],0.68,2.84
4427,Anguilla,,178628,"['P', 'O', 'E', 'J']",0.8,2.22
4428,Slovakia,Trenčiansky kraj,822672,"['Z', 'Y', 'N', 'H']",0.7,2.62
4431,Nigeria,Lagos,630212,['R'],0.5,1.87
4445,"Taiwan, Province of China",Changhua,113291,['V'],0.88,1.86
4458,Liberia,Montserrado,687359,"['B', 'K', 'A']",0.74,2.49
4496,Holy See (Vatican City State),,345694,"['N', 'M', 'G']",0.65,2.53
4499,El Salvador,San Salvador,827213,"['U', 'G', 'M', 'O', 'Q', 'F', 'S']",0.75,2.29
4501,Turkmenistan,Lebap,681980,['P'],0.9,1.94
4504,Nigeria,Edo,712204,"['L', 'S']",0.68,1.99
4512,Holy See (Vatican City State),,662256,"['U', 'J', 'T', 'S', 'L']",0.9,2.21
4515,Eritrea,Semienawi K’eyyĭḥ Baḥri,927025,['R'],0.76,2.69
4517,Lithuania,Kretinga,736459,"['J', 'G']",0.99,2.84
4518,Brazil,Pará,484025,"['V', 'S', 'C', 'F']",0.65,2.92
4522,Macao,,310413,"['L', 'E']",0.5,2.28
4537,Chad,Mayo-Kebbi-Est,896545,"['I', 'U', 'Q', 'B', 'S', 'K', 'G']",0.65,2.94
4563,Cameroon,Adamaoua,863210,"['X', 'R']",0.64,1.99
4571,French Southern Territories,,491716,"['Z', 'O', 'J', 'B', 'Q', 'L', 'G']",0.66,1.99
4593,Monaco,Jardin Exotique,756508,"['O', 'A']",0.65,1.98
4604,Brazil,Alagoas,827660,"['G', 'B', 'L', 'I']",0.93,2.63
4607,Anguilla,,369388,"['U', 'N', 'E', 'L', 'W']",0.85,2.07
4622,Palau,Ngeremlengui,448420,"['D', 'C']",0.82,2.02
4634,Comoros,Andjouân,755725,"['Y', 'P', 'D', 'J', 'V']",0.65,2.99
4638,North Macedonia,Kisela Voda †,829854,"['F', 'Y', 'C']",0.89,1.96
4640,Angola,Cuando Cubango,303633,"['T', 'X']",0.66,2.22
4649,Ghana,Bono,211769,"['G', 'B', 'D']",0.58,1.92
4650,Greenland,Kommune Kujalleq,758748,"['C', 'U']",0.64,2.47
4652,Paraguay,Misiones,342898,"['Z', 'D', 'Y']",0.85,2.16
4655,Svalbard and Jan Mayen,,562418,"['X', 'M', 'H', 'L', 'B', 'W', 'O']",0.65,2.48
4657,Switzerland,Zug,877803,"['J', 'O', 'M', 'G', 'B', 'L']",0.96,2.49
4658,Oman,Ad Dākhilīyah,185092,"['A', 'I', 'G', 'J']",0.95,1.86
4677,Lithuania,Skuodas,991485,"['T', 'L', 'C', 'M', 'P']",0.59,1.97
4678,Saint Kitts and Nevis,Saint Paul Capisterre,645084,"['Z', 'R', 'S']",0.79,2.74
4693,Dominican Republic,Peravia,200575,"['Y', 'J', 'F']",0.86,2.59
4695,Kenya,Mombasa,422145,"['Z', 'B']",0.77,2.44
4697,French Southern Territories,,309098,"['O', 'Q']",0.73,2.8
4698,Turkmenistan,Ahal,299770,"['V', 'R', 'D', 'Q', 'S']",0.51,2.86
4701,French Polynesia,,766543,"['Y', 'B', 'J', 'W', 'M', 'X']",0.79,2.38
4716,Barbados,Saint Joseph,956974,"['F', 'T', 'H', 'I', 'A']",0.78,2.35
4728,Chile,Antofagasta,778751,"['H', 'U', 'J', 'A', 'Y']",0.56,2.3
4730,Mauritius,Rodrigues Island,505532,"['A', 'M', 'G', 'R', 'T', 'W']",0.97,2.98
4733,Egypt,Al Uqşur,361554,"['Y', 'G', 'C', 'X', 'U', 'V']",0.94,2.53
4744,Bahamas,Cat Island,115119,"['Q', 'A']",0.79,2.56
4771,"Korea, Democratic People's Republic of",Hwanghae-namdo,627901,"['Q', 'N', 'F', 'P', 'J', 'C', 'I']",0.71,2.42
4773,Zambia,Southern,494311,"['Q', 'M', 'Z']",0.72,2.75
4780,Turks and Caicos Islands,,453375,"['Y', 'X']",0.5,2.34
4782,Fiji,Serua,524973,"['A', 'Z', 'O']",0.58,2.07
4785,United Kingdom,Brent,581257,"['J', 'O', 'R', 'V', 'X', 'M']",0.78,2.8
4786,Niger,Agadez,447938,"['Q', 'B', 'G']",0.62,1.96
4792,Seychelles,Baie Sainte Anne,525832,"['U', 'D', 'T', 'M', 'Q']",0.91,2.33
4797,Kazakhstan,Turkestankaya oblast',149443,"['B', 'V', 'T', 'X', 'N']",0.79,2.69
4816,Chad,Hadjer Lamis,868545,"['O', 'I']",0.52,2.84
4817,Ecuador,Guayas,246543,"['M', 'J', 'B']",0.97,2.14
4823,Haiti,Nord-Ouest,140189,"['P', 'T', 'M', 'N', 'C']",0.97,1.94
4825,Argentina,Ciudad Autónoma de Buenos Aires,182507,"['I', 'Q']",0.9,2.9
4834,Morocco,Youssoufia,389748,"['D', 'Y', 'S', 'P', 'T', 'A', 'U']",0.69,2.17
4849,Tokelau,,184065,"['M', 'V', 'H', 'Y', 'J', 'K']",0.94,1.95
4866,Guyana,Demerara-Mahaica,675015,"['U', 'Z', 'V', 'R', 'Y', 'K']",0.71,1.91
4876,Greece,Attikí,203317,"['U', 'V', 'C']",0.64,2.52
4895,Monaco,Larvotto,638018,"['C', 'D', 'B', 'W']",0.75,2.78
4910,Saint Vincent and the Grenadines,Saint David,845048,['J'],0.97,2.2
4927,"Virgin Islands, British",,437645,"['H', 'J']",0.69,2.91
4930,Svalbard and Jan Mayen,,943841,"['P', 'R']",0.89,1.81
4939,Spain,Jaén,309492,['P'],0.52,1.87
4956,Liberia,Sinoe,134294,"['J', 'G', 'K']",0.71,2.59
4963,Holy See (Vatican City State),,177470,"['F', 'R', 'W', 'Y', 'O', 'V']",0.6,2.04
4965,Australia,Australian Capital Territory,446421,"['I', 'J', 'Y', 'R']",0.53,2.5
4967,Aruba,,999160,['O'],0.97,2.97
5004,Ghana,Savannah,232911,['W'],0.5,2.28
5013,San Marino,Faetano,660088,['A'],0.97,2.96
5024,Isle of Man,,878611,"['X', 'H', 'S']",0.94,2.22
5025,Timor-Leste,Likisá,656923,['O'],0.62,1.98
5030,Montenegro,Pljevlja,448490,"['Q', 'K', 'W', 'G', 'F', 'R', 'B']",0.85,2.41
5051,Gibraltar,,179775,"['O', 'B']",0.89,2.46
5053,Liechtenstein,Gamprin,988148,"['G', 'H', 'E']",0.53,2.3
5071,Singapore,South West,370486,"['S', 'G', 'W', 'A']",0.89,2.52
5084,Czechia,Rokycany,137940,"['N', 'W', 'U', 'Y', 'V', 'C', 'I']",0.74,2.74
5089,Comoros,Andjazîdja,918422,"['Z', 'E', 'A', 'J', 'P', 'G', 'W']",0.72,2.96
5094,Cyprus,Lemesos,316879,"['Z', 'G']",0.88,2.91
5111,Ukraine,Volynska oblast,872614,"['Q', 'A', 'O', 'B']",0.57,2.97
5116,Cocos (Keeling) Islands,,904534,['T'],0.54,2.3
5127,Guatemala,Baja Verapaz,249441,['S'],0.57,2.28
5143,United States,Alabama,900745,"['F', 'B', 'T']",0.94,2.07
5158,Saint Pierre and Miquelon,,425252,"['P', 'G', 'E', 'D', 'S']",0.68,2.37
5163,Congo,Cuvette,457899,"['W', 'P', 'O', 'Q', 'U', 'H']",0.95,2.61
5169,Saint Pierre and Miquelon,,738985,"['S', 'P', 'X', 'C', 'A', 'Z', 'K']",0.99,2.77
5170,Afghanistan,Nīmrōz,481593,"['Y', 'X']",0.82,1.89
5177,Western Sahara,,562310,"['I', 'J', 'B']",0.78,2.97
5181,Turkey,İstanbul,791979,"['R', 'J', 'B']",0.83,1.77
5204,Saint Martin (French part),,968619,"['F', 'S', 'K', 'V']",0.84,2.08
5236,Ireland,Tipperary,242393,"['E', 'U', 'X', 'I']",0.92,1.94
5241,El Salvador,La Libertad,547554,"['O', 'T', 'S', 'B', 'I', 'D']",0.81,1.99
5253,Paraguay,Ñeembucú,465179,"['K', 'U', 'S', 'O', 'J']",0.67,2.39
5256,Colombia,Atlántico,665803,"['Z', 'T', 'N', 'P', 'S', 'K']",0.55,2.42
5279,Saint Martin (French part),,366068,"['F', 'X', 'Z', 'B', 'O', 'E', 'G']",0.95,2.05
5286,Japan,Niigata,687056,['X'],0.82,2.82
5294,Germany,Rheinland-Pfalz,845594,"['Y', 'K', 'Z', 'P', 'H', 'E']",0.95,2.21
5297,Oman,Al Buraymī,399414,['C'],0.81,2.73
5299,United Kingdom,Croydon,294830,"['C', 'Z', 'R', 'I', 'S', 'E', 'O']",0.91,2.87
5303,"Palestine, State of",Hebron,541047,"['J', 'Q', 'N']",0.59,2.43
5315,Liberia,Bong,806481,"['Z', 'D', 'E', 'V', 'N']",0.77,2.93
5325,Hong Kong,,431455,"['J', 'V', 'L', 'N', 'T', 'E', 'X']",0.91,2.75
5326,Czechia,Semily,587923,"['D', 'S', 'T']",0.53,2.26
5330,Philippines,Siquijor,190409,"['F', 'S', 'T', 'U', 'W', 'X']",0.68,2.86
5337,Cambodia,Kampot,678376,"['N', 'W', 'A', 'G']",0.73,2.4
5340,Burkina Faso,Banwa,242765,"['S', 'A', 'I', 'T', 'O', 'Y', 'H']",0.56,2.79
5343,Viet Nam,Phú Thọ,771758,"['Z', 'U']",0.61,1.96
5349,Curaçao,,875699,"['O', 'P', 'N', 'R', 'T']",0.75,2.16
5351,Benin,Atacora,510915,"['O', 'Y', 'R', 'Z', 'Q', 'N']",0.81,2.04
5355,Saudi Arabia,Ḩā'il,234380,"['A', 'I', 'B', 'D', 'C', 'H', 'T']",0.78,2.7
5359,Kiribati,Phoenix Islands,107808,"['D', 'Q', 'N', 'U', 'P', 'B', 'Z']",0.64,1.9
5381,Mexico,Zacatecas,348753,"['A', 'Z', 'E']",0.84,1.89
5383,Anguilla,,820867,['U'],0.54,2.84
5395,Western Sahara,,397237,"['G', 'A', 'X', 'Y', 'V']",0.66,2.05
5418,Czechia,Rokycany,202382,"['Q', 'S', 'M', 'I']",0.73,2.75
5424,Samoa,Satupa'itea,336377,"['Q', 'G', 'B', 'I', 'N', 'P']",0.72,2.96
5456,Slovenia,Destrnik,654289,"['R', 'D', 'C', 'T', 'L', 'F']",0.73,1.97
5464,Ghana,Greater Accra,978160,['W'],0.6,2.81
5472,Guernsey,,340986,['K'],0.74,2.48
5492,Greece,Thessalía,357988,"['E', 'O', 'R', 'P']",0.5,1.79
5498,Kazakhstan,Kostanajskaja oblast',497920,"['G', 'B', 'P', 'T', 'U', 'K', 'Y']",0.65,2.55
5504,France,Morbihan,817176,['Z'],0.62,2.12
5509,Mozambique,Maputo,632213,"['O', 'B', 'G', 'W', 'C']",0.75,2.03
5510,Samoa,Gaga'emauga,340542,"['L', 'Z']",0.66,2.46
5515,Cook Islands,,922016,"['Q', 'U', 'N']",0.73,2.26
5521,Saudi Arabia,Ḩā'il,640752,"['I', 'A', 'Q', 'P', 'S', 'V']",0.55,2.07
5540,Zambia,Copperbelt,362366,['B'],0.96,2.4
5569,Mozambique,Niassa,756610,"['Z', 'U', 'V']",0.93,2.09
5571,"Taiwan, Province of China",Keelung,320930,"['H', 'Z', 'E', 'B', 'U']",0.54,2.94
5596,Argentina,Neuquén,775335,"['S', 'Q', 'J', 'M']",0.99,1.84
5597,Turkmenistan,Lebap,189669,"['F', 'K', 'T', 'D', 'P']",0.73,2.98
5608,"Tanzania, United Republic of",Arusha,314777,['K'],0.97,2.15
5616,Bahrain,Al Janūbīyah,748878,"['T', 'N', 'U', 'B', 'I', 'S']",0.82,2.58
5623,Bouvet Island,,633998,"['C', 'O']",0.65,2.34
5647,Georgia,Samtskhe-Javakheti,255133,"['K', 'X', 'A']",0.62,2.02
5650,Solomon Islands,Isabel,163044,"['I', 'H']",0.93,2.06
5653,Syrian Arab Republic,As Suwaydā',628899,['V'],0.86,2.12
5659,Nauru,Denigomodu,934237,"['C', 'E', 'O', 'R', 'W', 'Y', 'P']",0.86,2.94
5661,South Africa,Free State,388414,"['W', 'T', 'Y', 'Z', 'B']",0.66,2.04
5668,Tuvalu,Funafuti,551566,"['D', 'I', 'E']",0.52,2.6
5672,Heard Island and McDonald Islands,,201295,"['B', 'W', 'L', 'C']",0.78,2.12
5688,Mongolia,Övörhangay,205528,"['T', 'E', 'S', 'O']",0.92,2.64
5690,Rwanda,Northern,145849,"['S', 'I']",0.6,2.16
5717,Vanuatu,Shéfa,579808,"['S', 'W', 'P', 'J', 'M', 'L', 'I']",0.99,2.47
5736,France,Somme,927125,"['M', 'T', 'A']",0.71,2.34
5742,Dominica,Saint Mark,982355,"['S', 'L', 'X', 'F', 'Z', 'O', 'P']",0.65,1.99
5754,Jamaica,Westmoreland,916699,"['C', 'K', 'Y', 'B', 'S']",0.51,1.8
5760,American Samoa,,985461,"['L', 'X', 'H', 'F']",0.81,2.62
5761,Bhutan,Trongsa,132721,"['Z', 'H']",0.89,2.83
5777,Belarus,Gorod Minsk,460080,"['Q', 'Y', 'E']",0.53,2.94
5795,Australia,Western Australia,685844,"['E', 'A', 'R', 'S']",0.96,1.84
5802,South Sudan,Central Equatoria,299654,"['M', 'C', 'I', 'R']",0.73,2.46
5810,Tunisia,Jendouba,814337,"['G', 'B', 'Q', 'Y']",0.77,2.01
5812,Botswana,Southern,426033,"['N', 'Z', 'W']",0.84,2.56
5819,Greenland,Kommune Kujalleq,379197,"['I', 'E', 'P', 'N']",0.77,2.74
5820,Burundi,Kirundo,282936,"['X', 'B', 'U', 'R']",0.85,1.76
5842,Norway,Vestland,162492,"['V', 'A']",0.75,1.93
5854,Burundi,Bururi,434379,['U'],0.88,2.07
5866,Sudan,West Darfur,531054,"['E', 'G', 'Q', 'Z', 'U']",0.66,2.94
5879,Rwanda,City of Kigali,299468,"['L', 'J', 'B', 'E', 'G', 'T', 'X']",0.81,2.46
5886,Gabon,Moyen-Ogooué,229159,"['I', 'H', 'C', 'B', 'S']",0.92,2.24
5887,Turkmenistan,Balkan,526815,"['N', 'U', 'O']",0.78,2.37
5904,"Taiwan, Province of China",Taichung,168814,"['B', 'H', 'J', 'F', 'Q']",0.74,1.84
5919,Réunion,,325737,"['P', 'S']",0.59,2.86
5922,Niue,,687910,['V'],0.6,2.61
5932,Nauru,Meneng,480261,"['W', 'Q', 'S']",0.99,1.75
5961,Northern Mariana Islands,,550688,"['Z', 'W', 'C', 'E', 'A', 'D']",0.92,1.98
5965,New Caledonia,,533737,['J'],0.92,2.85
5966,Guinea,Conakry,580881,['P'],0.65,1.84
5970,Tonga,Niuas,230264,"['U', 'Z', 'M', 'B', 'R', 'O', 'J']",0.85,2.55
5974,Namibia,Khomas,833993,"['Q', 'D', 'M', 'S', 'P', 'C']",0.57,2.44
5977,Tokelau,,773134,"['A', 'F', 'T', 'Q', 'R', 'L', 'E']",0.55,1.79
5985,French Guiana,,911807,"['H', 'B', 'J', 'A', 'W', 'O', 'S']",0.72,2.19
6016,Macao,,715164,"['V', 'O', 'G', 'I']",0.76,2.08
6020,Slovenia,Šoštanj,118052,"['K', 'R', 'X', 'U', 'Z', 'P']",0.73,2
6034,Latvia,Grobiņas novads,493629,"['C', 'V', 'L', 'T']",0.98,2.45
6045,India,Puducherry,432276,['U'],0.69,2.84
6052,South Sudan,Eastern Equatoria,601900,['J'],0.64,2.84
6062,Chad,Mayo-Kebbi-Ouest,339997,['Z'],0.66,2.78
6063,Guyana,Potaro-Siparuni,442769,"['P', 'Q', 'G']",0.54,1.93
6085,Niger,Agadez,596156,"['N', 'F', 'V']",0.53,2.87
6087,"Korea, Democratic People's Republic of",Hamgyǒng-bukto,959479,"['B', 'A', 'T', 'G', 'H']",0.66,1.76
6090,Ireland,Laois,187698,"['O', 'A']",0.9,2.47
6096,Cook Islands,,557409,"['N', 'E', 'D', 'W', 'A', 'Z']",0.5,2.94
6100,Mauritius,Savanne,579622,"['U', 'N', 'H', 'Y', 'O']",0.62,2.6
6109,Liechtenstein,Gamprin,451389,"['L', 'R', 'Q', 'K']",0.96,2.74
6110,North Macedonia,Novo Selo,163012,['E'],0.79,2.97
6141,Papua New Guinea,Northern,429467,"['H', 'M', 'K', 'D']",0.91,1.88
6142,Australia,New South Wales,552768,['B'],0.56,2.06
6161,Turks and Caicos Islands,,804449,"['G', 'J']",0.69,2.83
6164,Thailand,Nakhon Phanom,364497,"['W', 'M', 'X', 'S', 'E', 'H']",0.93,1.95
6165,Tunisia,Sfax,401206,"['Q', 'D', 'P', 'N', 'U', 'I']",0.66,2.18
6173,Guernsey,,428492,"['H', 'F', 'B', 'R', 'Y', 'D', 'L']",0.97,2.89
6184,Samoa,Satupa'itea,157260,"['H', 'P', 'G', 'V', 'R', 'J', 'N']",0.63,2.8
6198,Iceland,Blönduósbær,535493,"['Q', 'I', 'Z', 'G', 'F', 'L']",0.57,2.96
6200,Namibia,Oshana,377469,"['J', 'H', 'V', 'B', 'D']",0.95,2.01
6205,"Korea, Republic of",Jeollanam-do,857194,"['Z', 'T', 'O']",0.79,2.56
6206,Cambodia,Kampot,575987,"['M', 'B', 'C']",0.54,2.42
6219,Georgia,Shida Kartli,470305,['B'],0.89,1.99
6229,Martinique,,291018,"['Y', 'J', 'B', 'K', 'P']",0.75,2.12
6248,Qatar,Ash Shamāl,935275,"['T', 'B', 'V', 'H', 'S', 'C', 'I']",0.88,2.15
6265,"Virgin Islands, British",,622459,['X'],0.65,2.14
6266,Trinidad and Tobago,Siparia,743117,"['K', 'M', 'D']",0.92,2.5
6277,Belize,Cayo,620408,"['X', 'Q', 'H', 'G']",0.75,2.78
6280,Romania,Ialomița,464582,"['A', 'K', 'J', 'Q', 'X', 'V', 'M']",0.59,2.68
6283,Haiti,Nord,888938,"['L', 'P', 'V', 'O', 'J']",0.75,2.61
6292,British Indian Ocean Territory,,390058,"['T', 'D', 'W']",0.89,2.83
6297,Malta,Msida,766332,"['X', 'Z', 'Y', 'K', 'N', 'J']",0.75,2.73
6298,Uzbekistan,Qoraqalpog‘iston Respublikasi,414201,"['W', 'I', 'R', 'U', 'O']",0.91,2.24
6299,Northern Mariana Islands,,132116,"['P', 'Y', 'Z', 'W']",0.75,2.4
6307,Viet Nam,Hòa Bình,553181,['U'],0.95,2.12
6314,Uzbekistan,Surxondaryo,907491,"['F', 'V', 'I', 'Q', 'Y', 'X']",0.83,2.44
6317,Brazil,Distrito Federal,380338,"['Z', 'U']",0.94,2.13
6326,Costa Rica,Heredia,707804,"['V', 'E', 'Q', 'T', 'I', 'K', 'S']",0.75,1.76
6349,Kiribati,Phoenix Islands,223586,"['J', 'Z', 'T', 'W', 'E']",0.54,1.79
6353,Rwanda,City of Kigali,879333,"['D', 'Z', 'Q', 'W', 'E']",0.97,2.43
6362,Botswana,Ghanzi,976427,"['G', 'X', 'U', 'N', 'M', 'Z', 'S']",0.63,2.88
6363,Cook Islands,,181177,"['H', 'Q']",0.64,1.88
6379,Eritrea,Debubawi K’eyyĭḥ Baḥri,895268,"['X', 'Q', 'O', 'Z', 'Y', 'B', 'K']",0.72,2.21
6390,Armenia,Tavuš,229250,"['B', 'O']",0.65,2.71
6405,Ethiopia,"Southern Nations, Nationalities and Peoples",947468,"['K', 'Z']",0.63,2.62
6406,Kenya,Marsabit,638885,"['Y', 'V', 'M', 'G', 'B', 'W', 'I']",0.66,1.96
6420,"Iran, Islamic Republic of",Yazd,906693,"['X', 'Z', 'E', 'L', 'W', 'B', 'K']",0.71,2.01
6434,Iceland,Dalabyggð,567072,"['L', 'X', 'A']",0.63,2.2
6443,Estonia,Paide,172956,"['Y', 'B', 'Q', 'F']",0.79,1.8
6482,Russian Federation,Evrejskaja avtonomnaja oblast',843939,"['V', 'W']",0.89,2.28
6485,Lesotho,Maseru,861693,"['J', 'V', 'P']",0.53,2.61
6492,Eritrea,Al Awsaţ,442453,"['N', 'P', 'B']",0.95,1.97
6507,Cambodia,Rotanak Kiri,892482,"['A', 'O', 'T', 'U', 'W', 'Z']",0.9,2.47
6520,Syrian Arab Republic,Dimashq,269625,"['Z', 'B', 'D', 'Y', 'M', 'K', 'V']",0.52,2.95
6536,American Samoa,,509269,"['Y', 'Z', 'V', 'K', 'W', 'P']",0.97,2.35
6541,Albania,Vlorë,226533,"['F', 'I', 'L']",0.54,2.16
6544,Iraq,Al Başrah,516823,"['E', 'R', 'K', 'X', 'Q']",0.68,1.99
6548,Romania,Cluj,658856,"['E', 'N', 'I', 'S']",0.84,2.25
6557,Saint Martin (French part),,141518,"['V', 'Z', 'A', 'E', 'H', 'C', 'L']",0.94,1.82
6586,Djibouti,Dikhil,297638,"['L', 'S', 'J', 'B', 'H']",0.85,2.98
6591,Trinidad and Tobago,Siparia,511376,"['B', 'P']",0.71,2.53
6601,Vanuatu,Taféa,870136,"['P', 'I', 'G']",0.56,2.16
6607,Lao People's Democratic Republic,Viangchan,889570,"['V', 'D', 'T', 'A', 'Q', 'H', 'I']",0.59,2.79
6626,"Congo, The Democratic Republic of the",Mongala,897003,"['D', 'G', 'Y', 'H', 'W']",0.55,2.92
6634,Nauru,Nibok,602836,"['T', 'P', 'Y', 'R']",0.69,2.98
6635,Greenland,Kommune Qeqertalik,108316,"['T', 'Z', 'S', 'U', 'J']",0.6,2.11
6641,Bermuda,,670654,"['S', 'E']",0.78,2.77
6660,Niger,Tahoua,217720,['F'],0.55,1.83
6670,South Africa,Limpopo,452332,"['Z', 'T', 'X', 'H', 'R']",0.72,2.46
6675,Svalbard and Jan Mayen,,196867,"['Y', 'X']",0.93,1.84
6694,Timor-Leste,Likisá,327669,"['J', 'O', 'D', 'A', 'F']",0.61,2.21
6722,Georgia,Samegrelo-Zemo Svaneti,391733,"['J', 'T', 'Q', 'O', 'S']",0.65,2.54
6724,Saint Pierre and Miquelon,,681591,"['P', 'L', 'O']",0.83,2.87
6731,Pakistan,Khyber Pakhtunkhwa,622662,"['Y', 'O', 'I', 'X', 'K']",0.91,2.42
6750,Brazil,Mato Grosso,671489,['W'],0.68,2.54
6764,Benin,Ouémé,756836,['G'],0.98,2.71
6770,"Virgin Islands, U.S.",,914398,"['P', 'M']",0.51,2.55
6787,Serbia,Moravički okrug,620217,"['Y', 'U', 'N']",0.87,2.92
6790,Saudi Arabia,Al Bāḩah,803731,"['G', 'S', 'Q', 'V', 'O']",0.53,2.3
6804,"Iran, Islamic Republic of",Āz̄ārbāyjān-e Shārqī,555457,"['Z', 'J']",0.72,2.57
6818,Morocco,Médiouna,518668,"['F', 'Z', 'X', 'Y', 'T', 'I', 'Q']",0.58,2.22
6833,Montserrat,,643444,"['V', 'S']",0.82,2.66
6840,Cocos (Keeling) Islands,,179014,"['A', 'W', 'C', 'Y', 'O']",0.74,1.91
6853,Singapore,North East,532804,"['Y', 'T', 'C', 'O']",0.52,2.87
6857,Guam,,432232,['B'],0.72,2.99
6858,Cambodia,Otdar Mean Chey,568020,"['P', 'Y', 'N']",0.76,2.3
6859,Bangladesh,Cumilla,838000,"['W', 'S', 'K', 'A', 'O']",0.78,2.55
6869,Vanuatu,Pénama,643761,"['Q', 'Z', 'N', 'F']",0.61,2.25
6877,Marshall Islands,Ailuk,297044,"['U', 'K', 'A', 'E', 'N']",0.54,1.95
6881,Malta,Dingli,850728,"['G', 'S', 'D', 'K']",0.73,2.88
6889,Peru,Ancash,450015,['K'],0.65,2.91
6894,Malaysia,Wilayah Persekutuan Kuala Lumpur,622784,"['R', 'Q']",0.69,2.45
6895,"Congo, The Democratic Republic of the",Kasaï Oriental,650151,"['M', 'D', 'Z', 'Q', 'R', 'G']",0.55,2.32
6898,Sierra Leone,Southern,152504,"['V', 'J']",0.89,2.09
6915,Andorra,Encamp,372980,"['I', 'R']",0.6,2.75
6928,"Congo, The Democratic Republic of the",Sud-Kivu,226213,"['P', 'U']",0.54,2.25
6958,Svalbard and Jan Mayen,,333627,"['L', 'C', 'E', 'F', 'W', 'S', 'D']",0.76,2.15
6960,Papua New Guinea,Jiwaka,344863,"['M', 'W', 'A']",0.68,1.83
6979,Bulgaria,Montana,973391,"['U', 'G', 'V', 'O', 'B']",0.98,1.89
6980,Holy See (Vatican City State),,449039,"['H', 'N']",0.59,2.7
6984,Lesotho,Leribe,699672,"['T', 'O']",0.65,2.49
7011,British Indian Ocean Territory,,499157,"['U', 'M', 'H', 'E']",0.84,1.94
7016,Haiti,Sid,704882,"['N', 'K', 'L']",0.57,2.88
7024,Nicaragua,León,759764,"['M', 'Q']",0.59,2.44
7026,Sweden,Värmlands län [SE-17],866941,"['X', 'T', 'M', 'V', 'H']",0.63,2.27
7033,Canada,Saskatchewan,685445,"['Y', 'Z', 'L', 'I']",0.66,1.9
7038,France,La Réunion,268667,['D'],0.85,2.38
7043,Greece,Anatolikí Makedonía kai Thráki,248637,"['A', 'E', 'P']",0.79,2.15
7045,Senegal,Kédougou,478538,"['T', 'O', 'Y', 'Z', 'E', 'G']",0.82,2.59
7058,Ghana,Oti,922238,"['B', 'V', 'C', 'Q', 'X', 'O', 'U']",0.93,2.44
7060,Switzerland,Graubünden,823980,"['S', 'P', 'J', 'I', 'Y']",0.78,1.9
7064,Liechtenstein,Schaan,824673,"['N', 'B', 'I', 'R', 'W', 'Y', 'Z']",0.87,2.17
7068,Honduras,Islas de la Bahía,861459,"['O', 'D']",0.5,1.79
7070,Iceland,Vesturbyggð,548654,"['U', 'E', 'B', 'K', 'W']",0.68,2.28
7093,Western Sahara,,730179,"['E', 'S']",0.81,1.92
7094,Cook Islands,,728453,"['P', 'W', 'Z', 'K', 'C']",0.53,2.14
7103,Paraguay,Boquerón,892232,"['B', 'G', 'L', 'X', 'H', 'V']",0.64,2.3
7117,Central African Republic,Haute-Sangha / Mambéré-Kadéï,825193,['T'],0.8,2.74
7118,Macao,,653910,"['O', 'P']",0.8,2.56
7123,Saudi Arabia,Al Bāḩah,110179,"['Y', 'R', 'M', 'D', 'Q', 'T']",0.91,1.91
7145,Botswana,Kgatleng,970346,['G'],0.71,1.94
7146,United Arab Emirates,Umm al Qaywayn,305012,"['B', 'H', 'G', 'O', 'X', 'L']",0.84,1.87
7158,Western Sahara,,886082,"['Y', 'O', 'C', 'P', 'E', 'R', 'D']",0.66,2.46
7160,Israel,Ash Shamālī,160028,"['N', 'W', 'Y', 'G', 'C']",0.8,2.07
7185,"Congo, The Democratic Republic of the",Kwango,906333,"['F', 'V', 'D', 'U', 'N']",0.95,1.84
7189,Netherlands,Saba,182365,['S'],0.83,2.45
7196,France,Aube,566499,"['L', 'G', 'D', 'J']",0.61,2.14
7202,Honduras,El Paraíso,129292,"['N', 'R', 'L', 'Z']",0.92,2.54
7209,South Sudan,Western Bahr el Ghazal,983438,"['S', 'T', 'A', 'X', 'Z', 'K']",0.73,2.27
7210,Pitcairn,,825552,"['B', 'Q', 'O', 'C', 'J', 'F']",0.99,1.87
7212,Somalia,Gedo,645737,['C'],0.83,2.35
7224,Uzbekistan,Jizzax,303719,['J'],0.72,2.8
7230,Zambia,Western,634986,['P'],0.9,2.6
7237,"Saint Helena, Ascension and Tristan da Cunha",Ascension,160625,"['A', 'Z', 'P']",0.81,2.58
7240,Japan,Shiga,853612,"['H', 'B', 'C', 'Z', 'T']",0.96,2.48
7248,Kenya,Uasin Gishu,112411,"['T', 'D', 'J', 'P']",0.62,2.11
7282,Central African Republic,Ouaka,762170,"['K', 'A', 'Q', 'L', 'E', 'P', 'S']",0.93,2.51
7286,Latvia,Pļaviņu novads,156669,"['R', 'H', 'Z', 'V', 'U', 'Q']",0.94,2.95
7295,Nigeria,Niger,227978,['A'],0.99,2.04
7306,Brazil,Pernambuco,378912,"['E', 'G', 'D', 'Q', 'X', 'Z', 'B']",0.51,2.77
7309,Sao Tome and Principe,Água Grande,315320,"['H', 'N']",0.88,2.7
7326,San Marino,Fiorentino,111370,"['W', 'I', 'F', 'J', 'R']",0.91,2.89
7329,Australia,New South Wales,462453,"['W', 'H', 'J', 'S', 'U', 'A']",0.83,1.78
7334,Chad,Chari-Baguirmi,711604,['E'],0.63,2.72
7339,British Indian Ocean Territory,,355016,['N'],0.57,2.7
7347,Paraguay,Caaguazú,344016,"['Y', 'T', 'C', 'Q', 'G']",0.89,2.03
7352,Libya,Al Marj,592671,"['F', 'H', 'P', 'G', 'Q', 'L']",0.71,2.83
7377,Serbia,Prizrenski okrug,902203,"['E', 'W', 'T']",0.95,2.79
7382,"Iran, Islamic Republic of",Qazvīn,174895,"['H', 'Z']",0.64,2.45
7400,Antarctica,,521046,['A'],0.58,2.57
7402,American Samoa,,174555,"['Q', 'H', 'I', 'J', 'O', 'F', 'P']",0.62,2.53
7404,Viet Nam,Hồ Chí Minh,302289,"['Z', 'R', 'J', 'N', 'C', 'V']",0.68,2.62
7408,"Virgin Islands, British",,770072,"['W', 'F']",0.97,2.87
7418,Peru,Tacna,435211,['D'],0.57,2.47
7425,Kenya,Murang'a,943633,"['T', 'R', 'V', 'C', 'F']",0.76,2.32
7434,Guadeloupe,,540139,"['I', 'E', 'K', 'Q']",0.81,2
7451,Macao,,597844,"['F', 'G', 'V']",0.5,2.25
7461,"Bonaire, Sint Eustatius and Saba",Sint Eustatius,956843,['W'],0.58,2.07
7465,"Korea, Democratic People's Republic of",Kangweonto,230422,"['S', 'I']",0.94,2.66
7466,Ukraine,Odeska oblast,980282,"['U', 'C', 'O', 'L', 'V', 'K']",0.73,1.93
7474,Ethiopia,Dire Dawa,612693,"['K', 'R', 'N', 'G', 'I']",0.79,1.97
7483,Botswana,Kgatleng,432023,"['F', 'G', 'I']",0.85,2.27
7486,Bouvet Island,,982943,"['Q', 'A']",0.76,2.52
7489,Algeria,Mostaganem,301828,"['T', 'N', 'R', 'G']",0.5,2.94
3108,"Palestine, State of",Tulkarm,785369,"['M', 'V', 'P', 'S', 'C']",0.87,2.65
7498,Congo,Kouilou,595107,"['M', 'A', 'P', 'C', 'I']",0.99,2.53
7525,Saint Lucia,Anse la Raye,474914,"['G', 'H', 'R', 'S', 'C', 'O', 'F']",0.88,2.73
7548,Qatar,Ash Shamāl,298671,"['S', 'H', 'Y', 'G', 'R', 'C', 'P']",0.52,2.73
7550,Rwanda,Southern,631605,"['X', 'E', 'O', 'G', 'R', 'Z', 'W']",0.95,2.87
7552,Yemen,Ma’rib,614683,"['Z', 'S', 'K', 'Q']",0.86,2.77
7564,"Korea, Republic of",Gyeongsangnam-do,832487,['V'],0.51,2.34
7567,Falkland Islands (Malvinas),,324347,"['T', 'H', 'K', 'U']",0.63,1.99
7571,Mozambique,Maputo,729156,"['V', 'I', 'K', 'T', 'P', 'O']",0.56,2.53
7581,Bosnia and Herzegovina,Federacija Bosne i Hercegovine,178463,"['F', 'Z']",0.92,2.91
7611,"Taiwan, Province of China",Kinmen,865590,"['P', 'E', 'D', 'S', 'I', 'L']",0.98,1.83
7614,Brazil,Rio de Janeiro,142029,"['I', 'R', 'Q', 'M']",0.72,2.25
7618,"Tanzania, United Republic of",Njombe,367160,['G'],0.77,1.82
7622,Cambodia,Mondol Kiri,541792,"['P', 'C', 'N', 'Y', 'V', 'Z', 'H']",0.74,2.49
7634,Bangladesh,Feni,819972,['I'],0.89,2.16
7651,Senegal,Saint-Louis,477790,['J'],0.9,1.88
2382,Uruguay,Lavalleja,235133,"['O', 'W', 'Q', 'C']",0.58,2.76
7660,Zambia,Luapula,115546,"['X', 'P', 'R', 'M']",0.86,2.23
7663,Hungary,Nógrád,568971,"['T', 'R', 'B', 'X', 'U', 'S']",0.75,1.88
7664,Benin,Mono,597700,"['J', 'F', 'R', 'A', 'N', 'D', 'E']",0.88,1.8
7673,Botswana,South East,388026,['F'],0.9,2.65
7685,Oman,Musandam,309305,"['U', 'Z', 'W', 'Q', 'T', 'D']",0.77,1.86
7688,Norway,Viken,728364,"['X', 'B', 'L', 'Z', 'S', 'Q', 'J']",0.55,1.9
7709,Aruba,,334039,"['N', 'X', 'Q']",0.66,1.91
4703,Holy See (Vatican City State),,741867,"['J', 'M', 'I', 'N', 'P', 'W']",0.56,2.15
7721,"Bolivia, Plurinational State of",Cochabamba,711640,"['W', 'D', 'Y', 'P', 'A']",0.86,2.54
7722,Brunei Darussalam,Tutong,385234,['L'],0.96,2.41
7727,Maldives,Fuvammulah,773389,"['F', 'U', 'Y', 'T', 'H', 'S', 'Q']",0.83,2.24
7751,Liberia,Maryland,872794,"['Y', 'X', 'Z']",0.98,1.97
7763,Saint Vincent and the Grenadines,Saint Patrick,998218,"['P', 'U', 'C', 'J']",0.82,2.65
7774,Cook Islands,,814929,"['M', 'R']",0.84,1.87
7780,South Georgia and the South Sandwich Islands,,622111,"['D', 'K', 'N', 'T', 'V', 'Y', 'G']",0.89,2.99
7794,British Indian Ocean Territory,,392362,"['D', 'T', 'E', 'J', 'L', 'H']",0.67,2.1
7808,Ukraine,Chernihivska oblast,175293,"['T', 'W', 'U', 'D', 'E', 'F']",0.5,1.8
7839,"Micronesia, Federated States of",Yap,720523,"['I', 'Y']",0.74,2.73
7840,Angola,Namibe,522453,"['U', 'P', 'G', 'R', 'C']",0.61,2.8
7843,Mongolia,Bayanhongor,323100,"['L', 'W']",0.87,2.68
7845,Equatorial Guinea,Centro Sud,795271,"['O', 'E', 'R', 'A']",0.79,2.08
7848,Viet Nam,Thừa Thiên-Huế,950434,"['K', 'T', 'Q', 'C']",0.71,2.72
7864,Mauritius,Pamplemousses,159868,"['L', 'V']",0.69,2.58
7878,Namibia,Hardap,693283,"['K', 'E', 'N']",0.76,2.44
7884,Turks and Caicos Islands,,338910,"['L', 'V', 'N']",0.74,2.47
7888,Jordan,Al Mafraq,111397,"['G', 'J', 'A', 'W', 'P', 'N']",0.93,2.71
7895,Guadeloupe,,642485,"['K', 'Q', 'A', 'W', 'U', 'T', 'Y']",0.82,1.82
7898,New Zealand,Canterbury,647100,"['X', 'U', 'Z']",0.81,2.04
7899,Guam,,595547,"['I', 'S', 'W']",0.62,1.91
7922,Indonesia,Sulawesi Utara,721664,['K'],0.86,2.28
7926,Panama,Colón,209114,"['B', 'M', 'U']",0.69,2.57
7940,Guinea-Bissau,Bissau,485832,"['Q', 'Z', 'N', 'M', 'D', 'Y']",0.56,2.41
7945,Philippines,Romblon,850732,"['A', 'T']",0.52,2.91
7950,Vanuatu,Pénama,703853,"['Z', 'U', 'L', 'P', 'C', 'S']",0.5,2.02
7953,El Salvador,San Salvador,973596,"['X', 'H', 'E', 'L', 'T', 'M', 'K']",0.66,2.78
7959,Libya,Mişrātah,299031,"['G', 'N', 'M', 'J', 'L']",0.84,2.31
7965,Gabon,Haut-Ogooué,648508,"['R', 'F', 'I']",0.8,1.82
7971,"Korea, Republic of",Gangwon-do,878743,"['D', 'L']",0.83,2.91
7975,Ecuador,Cañar,216595,"['I', 'N']",0.69,2.86
7981,Paraguay,Concepción,693702,['X'],0.7,2.72
7982,Cameroon,North,211153,"['I', 'E']",0.85,2.24
7992,Saint Martin (French part),,854616,"['C', 'S', 'W', 'B', 'U', 'K']",0.68,2.88
8020,Maldives,North Maalhosmadulu,126427,"['X', 'R', 'Q', 'P', 'O', 'K', 'I']",0.89,2.04
8035,Viet Nam,Đà Nẵng,699226,"['K', 'M', 'J', 'H', 'V', 'S', 'U']",0.77,2.41
8050,Benin,Zou,536470,"['P', 'S']",0.85,1.76
8055,Norfolk Island,,783840,"['F', 'G', 'M', 'H', 'X']",0.57,2.15
8060,"Virgin Islands, British",,888799,"['L', 'Y', 'Q', 'X', 'I', 'B']",0.57,2.68
8064,San Marino,Fiorentino,161288,"['Y', 'H', 'G', 'K', 'R', 'S', 'U']",0.77,2.17
8065,Senegal,Dakar,815139,"['H', 'V', 'N', 'X']",0.94,2.79
8084,Zimbabwe,Harare,993607,"['J', 'R', 'P', 'U', 'G', 'X']",0.99,2.52
8094,Cyprus,Baf,801188,"['F', 'V', 'H', 'X', 'E']",0.78,1.93
8096,Maldives,North Nilandhe Atoll,191153,"['J', 'G']",0.62,2.91
8114,Croatia,Zagrebačka županija,225831,"['T', 'G', 'D', 'E']",0.99,1.77
8117,Saint Kitts and Nevis,Saint James Windward,666308,"['D', 'Y', 'G', 'V', 'U', 'Q', 'L']",0.62,2.74
8124,"Bonaire, Sint Eustatius and Saba",Saba,858506,"['O', 'I', 'K', 'C', 'X']",0.52,2.86
8146,Bouvet Island,,756956,"['W', 'L', 'P', 'M', 'G', 'V']",0.76,1.83
8154,Belize,Belize,689960,['P'],0.72,1.92
8169,Tuvalu,Nanumea,169534,"['U', 'P', 'T']",0.83,1.85
8175,Nauru,Buada,212143,"['Z', 'A', 'U', 'S']",0.63,2.36
8183,Norway,Trööndelage,396771,"['P', 'C', 'L', 'F']",0.68,2.79
8187,Zambia,North-Western,791219,"['N', 'A', 'O', 'F', 'M']",0.51,2.93
8216,Bahrain,Ash Shamālīyah,580747,"['K', 'M']",0.81,2.87
8218,Hungary,Fejér,752727,"['G', 'Z', 'Q', 'M', 'K']",0.89,2.76
8563,Oman,Musandam,160797,"['K', 'E']",0.61,1.83
8231,Tonga,Ha'apai,972255,"['S', 'W', 'P', 'Y', 'M']",0.62,2.22
8235,Cambodia,Rotanak Kiri,411638,"['K', 'O', 'X']",0.95,2.89
3365,Benin,Borgou,235038,"['F', 'H', 'O', 'B', 'V', 'R', 'W']",0.63,1.97
8255,Lao People's Democratic Republic,Viangchan,795073,"['B', 'S', 'G']",0.59,2.37
8299,Ecuador,Napo,243758,"['I', 'P']",0.95,2.85
8327,Wallis and Futuna,Uvea,575263,"['P', 'N', 'X', 'Q', 'U', 'W']",0.91,2.58
8332,Côte d'Ivoire,Abidjan,518057,['S'],0.66,2.08
8337,Guadeloupe,,468465,"['P', 'C']",0.52,2.95
8344,Montenegro,Bar,361785,"['Y', 'V', 'F', 'U', 'Q', 'A']",0.93,2.02
8349,Congo,Cuvette,530275,"['J', 'P', 'V', 'I']",0.52,2.73
8354,Holy See (Vatican City State),,560755,"['I', 'N', 'A', 'J', 'L', 'M']",0.69,2.67
8359,Guernsey,,736384,"['Y', 'L', 'B', 'O']",0.5,2.34
8365,Bangladesh,Jamalpur,978895,"['B', 'M', 'V', 'L', 'Z', 'T', 'I']",0.69,2.27
8366,"Venezuela, Bolivarian Republic of",Mérida,596499,"['V', 'N', 'R', 'M', 'U', 'E', 'T']",0.6,1.91
8370,Guam,,705799,"['K', 'L']",0.59,2.78
8387,India,Mizoram,957203,"['C', 'J', 'F']",0.78,1.82
8389,Nauru,Ijuw,197669,"['B', 'P', 'Y', 'C']",0.78,2.86
8399,Heard Island and McDonald Islands,,103272,"['K', 'P', 'D']",0.75,1.83
8400,Niger,Maradi,246185,"['N', 'E', 'H', 'Y', 'X']",0.65,2
8412,Singapore,Central Singapore,301904,"['Z', 'V', 'P', 'D', 'N', 'O']",0.67,2.36
8426,Falkland Islands (Malvinas),,648723,['E'],0.74,2.64
8450,New Caledonia,,126398,"['X', 'R', 'Q', 'W', 'N', 'E']",0.89,2.32
8452,Paraguay,Paraguarí,564342,"['I', 'B']",0.77,2.98
8456,Kuwait,Al Jahrā’,647961,"['J', 'C', 'O']",0.54,2.71
8479,Philippines,Misamis Occidental,144101,"['W', 'T', 'E', 'F', 'B', 'C']",0.79,2.56
8480,Panama,Bocas del Toro,755001,"['L', 'D', 'S', 'K', 'W']",0.56,1.99
8484,Northern Mariana Islands,,971663,"['M', 'A', 'L', 'E', 'F', 'Q']",0.96,1.89
8488,Fiji,Lomaiviti,297151,"['Z', 'H', 'F', 'D', 'U']",0.75,2.88
8490,Malta,Saint Julian's,919605,"['I', 'L', 'K', 'M', 'F', 'N']",0.58,2.66
8493,Kyrgyzstan,Bishkek Shaary,511292,"['X', 'Y', 'O', 'H']",0.83,1.89
8511,"Korea, Democratic People's Republic of",Hamgyǒng-bukto,388787,"['Y', 'Q', 'U', 'F']",0.85,2.21
8522,Thailand,Chon Buri,784202,"['C', 'G']",0.64,2.51
8527,Guernsey,,858397,"['U', 'Q']",0.55,2.02
8534,Madagascar,Mahajanga,354055,"['X', 'G', 'Z', 'R', 'B', 'N', 'A']",0.8,2.23
8551,Norway,Møre og Romsdal,775495,"['K', 'U', 'M', 'Q', 'G', 'Z', 'J']",0.64,1.98
8558,Grenada,Saint David,395963,"['I', 'W', 'U', 'F', 'T', 'V']",0.99,2.37
8568,Qatar,Al Khawr wa adh Dhakhīrah,731703,"['O', 'H', 'Q', 'W', 'P', 'I', 'Z']",0.99,1.81
8593,Puerto Rico,,376505,"['W', 'I', 'O', 'K']",0.61,2
8596,Nigeria,Sokoto,662580,"['K', 'Y', 'B', 'N', 'P', 'R']",0.77,2.75
8599,Angola,Luanda,888287,"['T', 'E', 'D', 'I', 'Q']",0.97,2.77
8601,South Africa,Eastern Cape,291632,"['K', 'X', 'U']",0.61,2.28
8614,Heard Island and McDonald Islands,,472684,"['G', 'N', 'E']",0.89,2.03
8620,Netherlands,Groningen,748082,"['I', 'E', 'Q', 'F', 'Z', 'K', 'S']",0.98,2.13
8626,Thailand,Lop Buri,546785,"['K', 'W', 'O', 'Z', 'Q', 'A', 'L']",0.96,1.76
8635,Bahamas,Hope Town,519409,"['L', 'N', 'W', 'H', 'B', 'A', 'D']",0.7,1.93
8671,Suriname,Nickerie,585875,"['I', 'J']",0.6,2.21
8677,United Kingdom,"Vale of Glamorgan, The [Bro Morgannwg GB-BMG]",501398,"['H', 'I', 'Z', 'K']",0.55,2.74
8699,Azerbaijan,Biləsuvar,885914,"['X', 'O', 'E', 'B', 'N', 'G', 'V']",0.67,1.75
8714,Guatemala,Izabal,729980,"['F', 'Y', 'N', 'C', 'K', 'S', 'E']",0.75,2.28
8717,Kazakhstan,Kostanajskaja oblast',302558,['C'],0.99,1.87
8732,Niger,Maradi,706756,['A'],0.67,2.94
8748,Saint Pierre and Miquelon,,193722,"['E', 'N', 'M', 'O', 'X']",0.72,2.42
8750,Timor-Leste,Díli,191071,"['K', 'W', 'E']",0.76,2.69
8758,Guadeloupe,,499839,['S'],0.69,2.16
8765,Cambodia,Banteay Mean Choăy,241111,"['Y', 'S', 'B', 'C', 'I']",0.96,1.97
8771,Jamaica,Westmoreland,894149,['A'],0.59,1.88
8786,Viet Nam,Trà Vinh,629496,['N'],0.51,2.21
8812,Sudan,Gezira,123812,"['I', 'U', 'R', 'Z']",0.6,2.68
8820,Andorra,Encamp,797793,"['E', 'R']",0.56,2.49
8828,Chad,Mayo-Kebbi-Ouest,922654,"['B', 'Q']",0.56,1.85
8836,"Venezuela, Bolivarian Republic of",Sucre,606971,"['Q', 'F', 'A']",0.71,2.09
8848,Seychelles,Au Cap,775048,"['X', 'T', 'P']",0.8,2.13
8853,Congo,Cuvette-Ouest,902441,"['J', 'C', 'M', 'D']",0.67,2.13
8858,Marshall Islands,Aur,943584,['W'],0.94,1.86
8862,"Iran, Islamic Republic of",Qom,632287,"['G', 'W', 'X', 'Y']",0.91,2.66
8892,Madagascar,Antananarivo,520216,"['C', 'K', 'M']",0.65,1.88
8907,Burkina Faso,Gnagna,532958,"['V', 'X', 'N']",0.51,2.43
8921,Qatar,Az̧ Z̧a‘āyin,793022,"['W', 'E', 'I', 'B', 'Y', 'L']",0.73,1.81
8923,Tuvalu,Nanumaga,501597,"['M', 'E', 'W', 'P', 'Q']",0.74,2.12
8935,Pakistan,Azad Jammu and Kashmir,536256,"['W', 'Z', 'O', 'T']",0.84,2.93
8949,Pakistan,Gilgit-Baltistan,444718,"['C', 'J']",0.55,2.17
8950,Fiji,Central,858736,"['X', 'H', 'D', 'V', 'C']",0.81,1.78
8954,Sint Maarten (Dutch part),,934299,"['U', 'T', 'D', 'J', 'V']",0.66,2.21
8958,Montenegro,Danilovgrad,442955,"['X', 'F', 'T', 'O', 'P']",0.96,2.16
8962,Slovakia,Banskobystrický kraj,792944,"['L', 'B', 'X', 'M', 'I', 'K', 'N']",0.85,2.82
8978,Philippines,Agusan del Sur,954826,"['T', 'Z', 'E']",0.53,1.9
8984,Serbia,Moravički okrug,985246,"['G', 'L']",0.96,2.44
9011,Bangladesh,Joypurhat,390188,"['G', 'U', 'Z', 'S', 'D', 'I']",0.68,1.82
9023,Guatemala,Baja Verapaz,833238,"['U', 'T', 'Q', 'F', 'O', 'G', 'R']",0.89,1.77
9030,Cayman Islands,,334923,"['U', 'P', 'G', 'Q', 'C', 'E', 'Z']",0.97,2.75
9033,Georgia,Samtskhe-Javakheti,648248,['S'],0.86,2.63
9038,Switzerland,Bern,933359,"['N', 'U']",0.64,1.84
9042,Mali,Koulikoro,686790,"['R', 'E', 'B']",0.77,2.57
9043,Central African Republic,Haut-Mbomou,176236,"['O', 'K', 'D', 'J', 'V', 'I', 'N']",0.8,1.83
9054,"Virgin Islands, British",,388791,"['P', 'H', 'D', 'G']",0.99,2
9060,Libya,Surt,851601,"['I', 'X', 'S', 'N', 'A', 'Y']",0.65,1.98
9065,Latvia,Grobiņas novads,789953,"['Z', 'T', 'L', 'J', 'I']",0.63,2.4
9077,Niger,Diffa,453678,"['K', 'I', 'P', 'M', 'C']",0.54,2.28
9084,"Virgin Islands, U.S.",,339962,"['A', 'L', 'R']",0.55,2.02
9091,Saint Lucia,Vieux Fort,815740,"['N', 'I', 'E', 'C']",0.63,2.17
9111,Uzbekistan,Surxondaryo,816639,['V'],0.59,2.71
9115,Benin,Mono,242397,"['Q', 'J', 'T', 'E', 'Z', 'K', 'W']",0.86,2.58
9133,New Caledonia,,426822,"['Z', 'Y', 'P', 'W']",0.81,2.29
9167,"Palestine, State of",Jerusalem,846070,"['H', 'E', 'K', 'B', 'X']",0.57,2.63
9168,Trinidad and Tobago,San Juan-Laventille,805963,"['G', 'Y', 'S', 'L', 'J', 'I']",0.91,2.81
9174,Oman,Az̧ Z̧āhirah,638187,"['Q', 'D', 'K']",0.99,2.9
9184,Tajikistan,nohiyahoi tobei jumhurí,433215,"['O', 'K', 'T', 'J', 'C']",0.67,2.67
9190,Sint Maarten (Dutch part),,592201,"['S', 'R', 'Y', 'Q', 'T']",0.54,2.77
9215,Qatar,Ad Dawḩah,245788,"['P', 'M', 'Q']",0.56,2.07
9224,Bahamas,Spanish Wells,137555,"['E', 'Q', 'J', 'H', 'G', 'M', 'T']",0.93,2.97
9228,Canada,Manitoba,202111,"['A', 'C', 'R', 'O', 'G']",0.78,2.91
9233,Macao,,461381,"['A', 'T', 'S', 'D', 'W']",0.78,2.34
9235,Senegal,Ziguinchor,512479,"['N', 'X', 'J', 'S', 'G', 'O', 'U']",0.97,1.87
9241,Philippines,Cagayan Valley (Region II),936405,"['D', 'K', 'E']",0.96,2.23
9247,United States,Oklahoma,587166,['D'],0.54,2.71
9272,Azerbaijan,Goranboy,387588,"['F', 'A', 'Y', 'T', 'C', 'U']",0.89,2.43
9277,United Kingdom,Croydon,627546,"['C', 'G', 'W', 'E', 'U', 'N', 'A']",0.91,2.35
2161,Iraq,Şalāḩ ad Dīn,269268,"['J', 'X']",0.5,2.03
9292,Cook Islands,,596535,"['F', 'N', 'J', 'C', 'R', 'K']",0.61,1.99
9300,Estonia,Väike-Maarja,219526,['V'],0.93,2.64
9304,Qatar,Ad Dawḩah,551640,"['I', 'Q']",0.57,1.76
9313,Barbados,Saint James,165153,"['H', 'C', 'U', 'E']",0.98,2.72
9319,Netherlands,Sint Maarten,905416,"['F', 'U', 'D']",0.92,2.2
1817,Viet Nam,Yên Bái,217476,"['F', 'M', 'T']",0.69,2.57
9334,Lebanon,Aakkâr,774817,"['T', 'U']",0.52,2.32
3412,Guadeloupe,,253021,"['V', 'W']",0.84,2.07
9349,Poland,Mazowieckie,260720,"['I', 'C']",0.93,1.88
9357,"Palestine, State of",North Gaza,934511,"['O', 'C', 'J', 'A']",0.53,2.2
9359,"Taiwan, Province of China",Taoyuan,120250,"['E', 'T', 'J', 'Z']",0.72,2.68
9988,Tajikistan,Sughd,459209,['Q'],0.98,2.48
9369,Dominican Republic,María Trinidad Sánchez,524661,"['M', 'B', 'R', 'X']",0.72,2.17
9375,Holy See (Vatican City State),,890628,"['O', 'D', 'J', 'A', 'L']",0.69,1.93
9376,Bosnia and Herzegovina,Republika Srpska,555817,"['L', 'C', 'M', 'F']",0.7,1.98
9387,Philippines,Quirino,567858,"['A', 'E', 'G', 'L']",0.78,2.11
9388,"Virgin Islands, British",,869118,['F'],0.78,2.64
9399,Cambodia,Banteay Mean Choăy,824459,"['F', 'W', 'C']",0.7,2.84
9403,Palau,Ngaraard,867584,"['S', 'X']",0.52,2.26
9408,Brazil,Distrito Federal,668999,"['D', 'I']",0.56,2.54
9423,Turkmenistan,Mary,393101,"['F', 'K', 'H']",0.89,2.29
9424,Belgium,Antwerpen,900513,"['D', 'N']",0.54,2.07
9426,"Bonaire, Sint Eustatius and Saba",Bonaire,405099,"['F', 'V', 'O']",0.99,1.82
9444,Denmark,Hovedstaden,433893,"['C', 'S', 'O', 'J', 'P', 'A', 'M']",0.53,2.84
6124,Bulgaria,Kyustendil,426519,"['M', 'W', 'R']",0.98,2.99
9451,Christmas Island,,949897,"['K', 'L', 'P', 'Z', 'F', 'D', 'N']",0.59,2.04
9454,Hong Kong,,955339,"['Z', 'U', 'X', 'Q', 'R']",0.56,2.08
9455,Bahamas,Exuma,323389,"['X', 'H', 'N']",0.61,2.16
9471,Nigeria,Bauchi,793827,['J'],0.94,2.88
9473,Russian Federation,Brjanskaja oblast',317035,"['F', 'U', 'D', 'N', 'Q']",0.77,2.19
9506,"Venezuela, Bolivarian Republic of",Nueva Esparta,807177,"['P', 'W', 'J', 'I', 'L']",0.92,2.56
9509,"Venezuela, Bolivarian Republic of",Sucre,549357,"['M', 'D', 'E']",0.69,2.24
9510,Eswatini,Manzini,799903,"['T', 'C', 'D', 'V', 'L']",0.98,1.86
9515,Isle of Man,,375389,"['O', 'Z', 'J', 'M', 'H', 'Q', 'L']",0.64,2.98
9557,Martinique,,227491,"['D', 'T', 'C', 'E', 'K', 'S', 'U']",0.85,1.84
9563,Vanuatu,Pénama,365128,"['R', 'L', 'M', 'Y', 'V']",0.9,2.7
9565,Guernsey,,457879,['E'],0.52,2.49
9582,"Micronesia, Federated States of",Kosrae,508562,['G'],0.66,2.19
9589,Anguilla,,642654,"['G', 'E']",0.63,2.5
9596,Dominican Republic,Distrito Nacional (Santo Domingo),883699,"['F', 'Q', 'H', 'W', 'G']",0.85,2.68
9603,Saint Barthélemy,,973160,"['V', 'R', 'J', 'U', 'D']",0.82,2.76
9610,Bulgaria,Kyustendil,852923,"['A', 'W', 'J', 'C', 'K', 'I']",0.87,2.66
9611,Croatia,Dubrovačko-neretvanska županija,154376,"['E', 'Y', 'D']",0.93,2.14
9613,Germany,Bayern,999621,['J'],0.62,1.88
9615,Andorra,Andorra la Vella,325326,"['I', 'J', 'D', 'K', 'G']",0.82,2
9625,Gambia,Western,486018,"['G', 'M']",0.7,2.12
9659,Angola,Bengo,271343,"['H', 'J', 'V', 'X', 'G', 'M']",0.69,2.49
9695,Grenada,Southern Grenadine Islands,306216,"['B', 'I', 'Q', 'N', 'V']",0.83,1.82
9717,Cocos (Keeling) Islands,,774862,['K'],0.69,2.43
9721,"Taiwan, Province of China",Keelung,979346,['C'],0.8,2.39
9722,Martinique,,109783,"['D', 'Y']",0.79,2.72
9729,Austria,Salzburg,328453,"['L', 'W', 'R', 'O']",0.96,2.66
9733,Algeria,El Oued,761809,"['Z', 'F', 'N', 'L', 'G', 'P', 'W']",0.61,2.48
9738,Uzbekistan,Jizzax,765049,"['W', 'C', 'U', 'Q', 'A']",0.74,2.22
9741,Dominica,Saint David,319218,"['S', 'M', 'Q', 'V']",0.81,2.03
9752,South Georgia and the South Sandwich Islands,,946522,"['A', 'V', 'X', 'F', 'C', 'Y', 'O']",0.88,1.78
9753,Cambodia,Tbong Khmum,191942,"['E', 'R']",0.69,2
9759,Turkey,Bayburt,628672,['B'],0.64,2.03
1011,"Bolivia, Plurinational State of",La Paz,626399,"['A', 'L', 'C', 'Q', 'U', 'E']",0.81,2.38
9762,New Zealand,Marlborough,107517,"['M', 'G']",0.82,2.08
9769,Luxembourg,Capellen,710112,"['I', 'H', 'N', 'B']",0.86,2.11
9772,Mozambique,Zambézia,914376,"['R', 'L', 'K', 'M', 'A']",0.81,2.71
9777,Eswatini,Lubombo,371901,['C'],0.66,2.41
9778,Eswatini,Manzini,535231,"['M', 'B', 'I', 'S', 'Z', 'O', 'V']",0.72,2
9781,Antarctica,,489385,"['O', 'Y', 'Z', 'C', 'B']",0.51,2.71
9784,Congo,Brazzaville,308483,"['R', 'L', 'A', 'Z']",0.77,2.69
9807,Equatorial Guinea,Annobon,118567,"['R', 'C', 'A', 'H', 'U', 'P', 'I']",0.64,2.87
9825,Antarctica,,261779,"['N', 'B', 'T', 'M', 'A', 'J', 'Y']",0.57,2.73
9830,Namibia,Ohangwena,883015,"['D', 'B']",0.75,2.05
9867,Austria,Salzburg,157220,"['D', 'L', 'S', 'U', 'F']",0.82,2.96
9872,Kazakhstan,Turkestankaya oblast',589685,"['H', 'P', 'F', 'V', 'R', 'T']",0.64,2.72
9888,Saint Martin (French part),,297511,"['D', 'N']",0.63,2.9
9901,"Saint Helena, Ascension and Tristan da Cunha",Ascension,741996,"['S', 'Y', 'N', 'F', 'K']",0.87,2.41
9911,Niger,Agadez,564324,"['N', 'P']",0.6,2.47
9924,"Tanzania, United Republic of",Katavi,320349,"['K', 'F', 'P', 'T', 'H', 'R']",0.65,1.78
9926,New Caledonia,,896112,"['B', 'S', 'W', 'I', 'M', 'A', 'K']",0.6,2.51
9936,American Samoa,,111594,"['S', 'D']",0.66,2.36
9941,Kazakhstan,Pavlodar oblysy,663101,"['N', 'Z', 'V', 'S', 'T', 'L']",0.79,2.55
9942,Burkina Faso,Séno,281245,"['J', 'Y', 'A', 'K', 'X']",0.52,2.3
9949,Russian Federation,Kirovskaja oblast',158437,"['U', 'G', 'J', 'R', 'L', 'W', 'F']",0.69,2.68
1010,Rwanda,City of Kigali,628883,"['P', 'F', 'M', 'C', 'K', 'B']",0.53,2.17
9953,Western Sahara,,270715,"['W', 'G', 'F', 'P', 'A']",0.59,2.41
9957,"Taiwan, Province of China",Chiayi,796093,['H'],0.67,2.46
9964,Norway,Jan Mayen (Arctic Region),918141,"['U', 'T', 'H', 'L']",0.66,1.88
9970,Bouvet Island,,654580,"['B', 'W']",0.74,1.91
9975,"Bolivia, Plurinational State of",Tarija,850849,"['I', 'K', 'W', 'A', 'V', 'Y', 'Z']",0.54,2.13
9981,Qatar,Ash Shamāl,105036,"['Q', 'A']",0.7,2.91
9996,Tunisia,Ben Arous,741178,"['M', 'N', 'U', 'L']",0.7,2.49